BNB-USD,BTC-USD,DOGE-USD,ETH-USD,SOL-USD
304.7637023925781,23623.474609375,0.0850439965724945,1640.067626953125,22.285951614379883
313.37799072265625,24565.6015625,0.08776599913835526,1694.7833251953125,23.166757583618164
316.6827087402344,24641.27734375,0.0889270007610321,1691.8194580078125,23.478591918945312
311.93585205078125,24327.642578125,0.08696600049734116,1681.4361572265625,24.84075164794922
315.37744140625,24829.1484375,0.08820799738168716,1702.6751708984375,26.181386947631836
311.4720153808594,24436.353515625,0.08541300147771835,1658.036376953125,24.948558807373047
312.7811279296875,24188.84375,0.0855339989066124,1643.231689453125,24.18134880065918
308.533935546875,23947.4921875,0.08429200202226639,1651.0738525390625,23.900800704956055
302.0537109375,23198.126953125,0.08089999854564667,1608.3731689453125,23.053035736083984
302.3846130371094,23175.375,0.08078599721193314,1594.9149169921875,22.523399353027344
308.9970703125,23561.212890625,0.0822020024061203,1640.817138671875,23.256088256835938
304.8558044433594,23522.87109375,0.08135399967432022,1634.326416015625,22.692588806152344
301.4748229980469,23147.353515625,0.08074899762868881,1605.8951416015625,21.9163875579834
302.907470703125,23646.55078125,0.08196400105953217,1663.4337158203125,22.506431579589844
299.9461669921875,23475.466796875,0.08051999658346176,1647.3193359375,21.984878540039062
290.2828369140625,22362.6796875,0.07677700370550156,1569.1676025390625,21.39935302734375
289.5038757324219,22353.349609375,0.07455600053071976,1566.9239501953125,20.966838836669922
288.69970703125,22435.513671875,0.07479500025510788,1564.46875,20.97858428955078
288.0549621582031,22429.7578125,0.07480499893426895,1567.398681640625,20.635011672973633
289.34368896484375,22219.76953125,0.0740479975938797,1561.93310546875,20.244731903076172
286.86700439453125,21718.080078125,0.07113000005483627,1534.0882568359375,18.421194076538086
277.2961120605469,20363.021484375,0.0659869983792305,1438.6607666015625,17.308147430419922
277.4195861816406,20187.244140625,0.06583300232887268,1429.1580810546875,18.243642807006836
277.96142578125,20632.41015625,0.06659399718046188,1482.61669921875,18.22584342956543
289.67578125,22163.94921875,0.07100100070238113,1590.29296875,20.310531616210938
308.9122009277344,24197.533203125,0.07304099947214127,1680.3089599609375,20.433712005615234
309.37078857421875,24746.07421875,0.07478699833154678,1703.507080078125,20.92803382873535
307.12493896484375,24375.9609375,0.06986600160598755,1656.1805419921875,19.29098129272461
329.8608703613281,25052.7890625,0.07271800190210342,1677.2154541015625,19.73054313659668
339.0811462402344,27423.9296875,0.07650899887084961,1792.485107421875,21.62910270690918
331.5242919921875,26965.87890625,0.07304999977350235,1761.65966796875,21.19590187072754
336.9782409667969,28038.67578125,0.07481300085783005,1785.5765380859375,21.90340232849121
332.9230041503906,27767.236328125,0.07148700207471848,1735.3212890625,22.176464080810547
335.3092346191406,28175.81640625,0.07689400017261505,1806.7607421875,22.618267059326172
321.8877258300781,27307.4375,0.07399900257587433,1737.717041015625,21.480485916137695
329.8370056152344,28333.97265625,0.07741200178861618,1816.4051513671875,22.216777801513672
322.3593444824219,27493.28515625,0.07468000054359436,1752.0447998046875,20.678855895996094
322.6730651855469,27494.70703125,0.07404399663209915,1743.7647705078125,20.446645736694336
328.88800048828125,27994.330078125,0.07441700249910355,1775.6767578125,20.97551918029785
310.9491271972656,27139.888671875,0.07289499789476395,1715.4608154296875,19.921674728393555
313.2606201171875,27268.130859375,0.0738229975104332,1772.78564453125,20.4706974029541
313.8417663574219,28348.44140625,0.07562699913978577,1793.0018310546875,21.111467361450195
316.56756591796875,28033.5625,0.07424499839544296,1792.7371826171875,20.55104637145996
317.0400085449219,28478.484375,0.07703500241041183,1822.0220947265625,21.170495986938477
315.2173156738281,28411.03515625,0.08405099809169769,1813.860595703125,20.97564125061035
313.9286193847656,28199.30859375,0.07908900082111359,1795.7081298828125,20.536975860595703
308.5623779296875,27790.220703125,0.09607899934053421,1810.297119140625,20.443050384521484
310.9948425292969,28168.08984375,0.09515900164842606,1871.005126953125,20.924619674682617
314.06317138671875,28177.984375,0.09281700104475021,1909.114013671875,20.966007232666016
312.45465087890625,28044.140625,0.08541200309991837,1872.922607421875,20.61012840270996
310.6994934082031,27925.859375,0.08245600014925003,1865.6361083984375,20.469940185546875
310.6347351074219,27947.794921875,0.08140499889850616,1849.4981689453125,20.036449432373047
312.87225341796875,28333.05078125,0.08329000324010849,1859.3878173828125,20.29946517944336
318.3790588378906,29652.98046875,0.08485200256109238,1911.20751953125,20.882356643676758
322.7582702636719,30235.05859375,0.0842370018362999,1892.189697265625,23.018827438354492
318.9537658691406,30139.052734375,0.08343300223350525,1920.68212890625,23.985305786132812
324.9480895996094,30399.06640625,0.08748400211334229,2012.6346435546875,24.432308197021484
329.1738586425781,30485.69921875,0.08878500014543533,2101.635498046875,24.772722244262695
333.40728759765625,30318.49609375,0.0889739990234375,2092.466796875,24.079378128051758
348.2209167480469,30315.35546875,0.09047199785709381,2120.005859375,25.361927032470703
339.9941101074219,29445.044921875,0.09144899994134903,2076.242919921875,24.55884552001953
343.1934509277344,30397.552734375,0.09398899972438812,2104.537353515625,24.852689743041992
322.70751953125,28822.6796875,0.08786799758672714,1936.4034423828125,22.71283531188965
317.8899230957031,28245.98828125,0.08393699675798416,1943.09765625,22.181440353393555
321.67498779296875,27276.91015625,0.07847899943590164,1849.9998779296875,21.278135299682617
331.9950866699219,27817.5,0.08037500083446503,1874.2286376953125,21.816287994384766
330.61883544921875,27591.384765625,0.07881999760866165,1862.06201171875,21.480138778686523
331.2458801269531,27525.33984375,0.07878399640321732,1842.7574462890625,21.391069412231445
338.3255615234375,28307.59765625,0.07984700053930283,1866.753662109375,21.92725372314453
330.82177734375,28422.701171875,0.07862299680709839,1866.564208984375,21.28301239013672
331.1950988769531,29473.787109375,0.08019000291824341,1908.786376953125,22.34011459350586
324.500244140625,29340.26171875,0.08036399632692337,1892.5128173828125,23.366287231445312
322.1347351074219,29248.48828125,0.08162999898195267,1908.9169921875,23.18299674987793
337.6455383300781,29268.806640625,0.07976900041103363,1876.92431640625,22.832014083862305
328.7242126464844,28091.568359375,0.07881999760866165,1831.954833984375,21.98663330078125
321.95269775390625,28680.537109375,0.07880599796772003,1870.789306640625,22.264978408813477
326.212890625,29006.30859375,0.07971300184726715,1904.65185546875,22.218002319335938
323.9171447753906,28847.7109375,0.07844900339841843,1877.7041015625,21.730348587036133
326.9403076171875,29534.384765625,0.08038999885320663,1995.0609130859375,22.82611083984375
322.7740173339844,28904.623046875,0.07699800282716751,1900.2218017578125,21.974262237548828
321.6110534667969,28454.978515625,0.07671000063419342,1873.076416015625,21.844228744506836
313.9712219238281,27694.2734375,0.07247299700975418,1849.042724609375,20.65746307373047
312.5137023925781,27658.775390625,0.0731389969587326,1848.6031494140625,20.683645248413086
314.57745361328125,27621.755859375,0.07322599738836288,1842.4014892578125,20.953710556030273
307.6958312988281,27000.7890625,0.07208500057458878,1796.4906005859375,20.234880447387695
308.6031188964844,26804.990234375,0.07245899736881256,1808.019775390625,20.911794662475586
311.0868835449219,26784.078125,0.07177700102329254,1796.1148681640625,20.86876106262207
312.1358947753906,26930.638671875,0.07198599725961685,1800.5009765625,20.953397750854492
313.5294189453125,27192.693359375,0.07204599678516388,1817.5499267578125,21.00718879699707
311.3800354003906,27036.650390625,0.07272899895906448,1824.1214599609375,20.679420471191406
314.0835266113281,27398.802734375,0.07491099834442139,1821.859619140625,21.06839942932129
309.4566955566406,26832.208984375,0.07354599982500076,1801.728515625,20.348695755004883
308.96429443359375,26890.12890625,0.07352700084447861,1812.5894775390625,20.349870681762695
310.719970703125,27129.5859375,0.07366999983787537,1820.47802734375,20.285446166992188
306.5067138671875,26753.826171875,0.07214199751615524,1804.5313720703125,19.609437942504883
309.2456359863281,26851.27734375,0.07299800217151642,1817.5347900390625,19.54204559326172
313.5062255859375,27225.7265625,0.07286400347948074,1854.380615234375,20.043182373046875
305.9327697753906,26334.818359375,0.07073500007390976,1800.0999755859375,19.223663330078125
304.733642578125,26476.20703125,0.07087499648332596,1805.9537353515625,19.260662078857422
306.8863220214844,26719.291015625,0.07098399847745895,1828.689697265625,19.36695671081543
307.5917663574219,26868.353515625,0.07268299907445908,1831.1182861328125,20.425233840942383
314.2700500488281,28085.646484375,0.0736130028963089,1910.9141845703125,20.7985782623291
311.80718994140625,27745.884765625,0.07318499684333801,1893.078125,20.586509704589844
311.68450927734375,27702.349609375,0.07236099988222122,1901.026611328125,21.25408363342285
306.86669921875,27219.658203125,0.07165999710559845,1874.1304931640625,20.82450294494629
304.9532775878906,26819.97265625,0.07149200141429901,1862.201416015625,20.50221824645996
307.4237976074219,27249.58984375,0.07261200249195099,1907.256591796875,21.25759506225586
306.7201232910156,27075.12890625,0.07267100363969803,1892.4124755859375,21.15556526184082
305.15679931640625,27119.06640625,0.0724710002541542,1890.5135498046875,21.8189754486084
276.8892517089844,25760.09765625,0.06657300144433975,1811.828369140625,20.07505989074707
281.4955749511719,27238.783203125,0.07037299871444702,1884.494873046875,20.398483276367188
259.3914489746094,26345.998046875,0.06729999929666519,1832.39599609375,18.6342830657959
262.14849853515625,26508.216796875,0.06796599924564362,1846.3018798828125,18.909475326538086
260.7160949707031,26480.375,0.0694890022277832,1840.2252197265625,17.37969970703125
239.08908081054688,25851.240234375,0.06185999885201454,1752.384765625,15.65610122680664
235.4387969970703,25940.16796875,0.06158699840307236,1753.415283203125,15.558775901794434
231.0514373779297,25902.5,0.061459001153707504,1742.5286865234375,15.196707725524902
243.89053344726562,25918.728515625,0.061723001301288605,1739.03759765625,15.018193244934082
237.5742645263672,25124.67578125,0.06038700044155121,1650.519287109375,14.486572265625
236.2806854248047,25576.39453125,0.06150300055742264,1665.519775390625,14.759472846984863
239.1146697998047,26327.462890625,0.062102001160383224,1716.6688232421875,15.30825424194336
244.61058044433594,26510.67578125,0.062217000871896744,1727.2041015625,15.650521278381348
244.08726501464844,26336.212890625,0.06216700002551079,1720.5775146484375,15.43823528289795
242.9033660888672,26851.029296875,0.06234100088477135,1737.659423828125,16.073041915893555
247.6744384765625,28327.48828125,0.06304500252008438,1792.1199951171875,16.635231018066406
249.28634643554688,30027.296875,0.06570400297641754,1891.0072021484375,17.25704574584961
240.7924346923828,29912.28125,0.06564299762248993,1872.9429931640625,16.642620086669922
244.56494140625,30695.46875,0.06817399710416794,1892.862060546875,17.149534225463867
236.65965270996094,30548.6953125,0.06674200296401978,1876.0596923828125,16.652862548828125
238.8929901123047,30480.26171875,0.0667639970779419,1900.506103515625,16.97138023376465
236.13426208496094,30271.130859375,0.06474900245666504,1859.432861328125,16.27002716064453
237.49267578125,30688.1640625,0.06554500013589859,1889.703369140625,16.61964988708496
230.65036010742188,30086.24609375,0.06260199844837189,1827.97119140625,15.98684310913086
233.23245239257812,30445.3515625,0.06340699642896652,1852.227294921875,17.970457077026367
240.36978149414062,30477.251953125,0.06647899746894836,1933.18896484375,18.897321701049805
247.75942993164062,30590.078125,0.06847800314426422,1924.56591796875,18.683902740478516
246.25791931152344,30620.76953125,0.06803800165653229,1937.4383544921875,19.453594207763672
246.38221740722656,31156.439453125,0.06835299730300903,1955.38916015625,19.240537643432617
242.492919921875,30777.58203125,0.06894099712371826,1936.633544921875,19.14322853088379
239.08108520507812,30514.166015625,0.06703300029039383,1910.5880126953125,18.99286460876465
232.31942749023438,29909.337890625,0.06502600014209747,1848.636474609375,19.729385375976562
235.62115478515625,30342.265625,0.06542500108480453,1870.6025390625,21.484664916992188
236.28738403320312,30292.541015625,0.06576099991798401,1865.53955078125,21.859268188476562
234.22836303710938,30171.234375,0.0654349997639656,1863.009765625,21.3490047454834
245.874267578125,30414.470703125,0.06524299830198288,1880.556396484375,21.31377601623535
248.538330078125,30620.951171875,0.06528700143098831,1878.3360595703125,22.092933654785156
244.01988220214844,30391.646484375,0.0650710016489029,1872.11376953125,21.977602005004883
256.48968505859375,31476.048828125,0.0705069974064827,2006.511474609375,26.02569580078125
248.19161987304688,30334.068359375,0.06852900236845016,1939.3470458984375,26.7357177734375
251.09970092773438,30295.806640625,0.07192700356245041,1931.466552734375,27.391355514526367
242.65682983398438,30249.1328125,0.06955400109291077,1923.681884765625,27.384082794189453
244.35299682617188,30145.888671875,0.06990499794483185,1911.6461181640625,26.872766494750977
240.2649383544922,29856.5625,0.06858299672603607,1897.5992431640625,25.544504165649414
241.1608123779297,29913.923828125,0.07015900313854218,1889.0079345703125,26.372352600097656
242.73313903808594,29792.015625,0.07051599770784378,1890.9691162109375,25.375167846679688
243.7889862060547,29908.744140625,0.073294997215271,1892.080078125,25.544267654418945
241.03074645996094,29771.802734375,0.07043299823999405,1864.912353515625,24.535053253173828
242.45596313476562,30084.5390625,0.0718189999461174,1889.191650390625,24.766815185546875
238.9462127685547,29176.916015625,0.07426799833774567,1850.0020751953125,23.38149070739746
237.80856323242188,29227.390625,0.0818450003862381,1857.741943359375,23.279321670532227
238.9623565673828,29354.97265625,0.07795800268650055,1872.159912109375,25.177053451538086
240.49879455566406,29210.689453125,0.07756199687719345,1860.357177734375,25.099336624145508
241.97703552246094,29319.24609375,0.07732100039720535,1874.744873046875,24.84685707092285
242.5763702392578,29356.91796875,0.08018799871206284,1881.06884765625,25.168973922729492
242.52598571777344,29275.30859375,0.07806099951267242,1861.643798828125,24.261018753051758
241.1206512451172,29230.111328125,0.07781799882650375,1856.162353515625,23.720956802368164
247.50502014160156,29675.732421875,0.07804200053215027,1871.7921142578125,23.99875259399414
240.49464416503906,29151.958984375,0.07421299815177917,1839.0897216796875,23.145721435546875
241.0615234375,29178.6796875,0.07361499965190887,1835.136474609375,22.636049270629883
241.47601318359375,29074.091796875,0.07341600209474564,1827.712890625,22.79361915588379
242.9593505859375,29042.126953125,0.0756860002875328,1834.9879150390625,22.632204055786133
242.79859924316406,29041.85546875,0.07426600158214569,1827.4620361328125,23.18569564819336
241.79750061035156,29180.578125,0.07342199981212616,1826.9388427734375,23.068756103515625
245.14990234375,29765.4921875,0.07498600333929062,1855.807373046875,24.211763381958008
243.89364624023438,29561.494140625,0.075314000248909,1854.297607421875,24.37852668762207
241.26246643066406,29429.591796875,0.0758029967546463,1850.75341796875,24.613052368164062
239.70689392089844,29397.71484375,0.07566600292921066,1847.1243896484375,24.582860946655273
240.27362060546875,29415.96484375,0.07674200087785721,1848.889892578125,24.90673065185547
240.03334045410156,29282.9140625,0.07478299736976624,1839.2801513671875,24.24288558959961
240.33924865722656,29408.443359375,0.0747309997677803,1844.185791015625,25.142822265625
236.67958068847656,29170.34765625,0.07086300104856491,1826.9327392578125,23.89658546447754
231.86874389648438,28701.779296875,0.0671830028295517,1805.6590576171875,22.811975479125977
218.5358428955078,26664.55078125,0.061184998601675034,1684.9334716796875,21.70997428894043
216.112548828125,26049.556640625,0.06323400139808655,1660.945068359375,21.335493087768555
216.99945068359375,26096.205078125,0.0637580007314682,1669.471923828125,21.879037857055664
216.63580322265625,26189.583984375,0.06383000314235687,1684.85205078125,21.77327537536621
210.63894653320312,26124.140625,0.06252899765968323,1667.26904296875,21.20825958251953
210.8343505859375,26031.65625,0.06259900331497192,1633.892578125,20.546541213989258
216.3992919921875,26431.640625,0.06377799808979034,1679.2744140625,21.703624725341797
218.64639282226562,26162.373046875,0.0630360022187233,1659.944580078125,21.033031463623047
218.3310546875,26047.66796875,0.06308399885892868,1652.93505859375,20.392719268798828
216.36424255371094,26008.462890625,0.06286799907684326,1646.3067626953125,20.280424118041992
218.35800170898438,26089.693359375,0.06317099928855896,1657.5130615234375,20.78683853149414
218.71856689453125,26106.150390625,0.06343799829483032,1652.4573974609375,20.557100296020508
226.86288452148438,27727.392578125,0.06639000028371811,1729.7257080078125,21.780763626098633
223.7994384765625,27297.265625,0.06583800166845322,1705.1121826171875,20.834903717041016
216.59779357910156,25931.47265625,0.06378500163555145,1645.63916015625,19.735092163085938
213.63055419921875,25800.724609375,0.06384900212287903,1628.4912109375,19.327844619750977
214.44854736328125,25868.798828125,0.0634939968585968,1637.025390625,19.493743896484375
214.3999481201172,25969.56640625,0.06317300349473953,1636.11767578125,19.578746795654297
215.197509765625,25812.416015625,0.06318499892950058,1629.6552734375,19.499408721923828
214.47813415527344,25779.982421875,0.06399200111627579,1633.62939453125,20.272384643554688
215.13465881347656,25753.236328125,0.06361299753189087,1632.2523193359375,19.62002944946289
216.88717651367188,26240.1953125,0.0635790005326271,1647.5982666015625,19.890499114990234
214.56202697753906,25905.654296875,0.0636489987373352,1636.1378173828125,19.599044799804688
214.2229461669922,25895.677734375,0.06340499967336655,1635.162353515625,19.44607162475586
212.31802368164062,25832.2265625,0.061326999217271805,1616.828857421875,18.248830795288086
206.03421020507812,25162.654296875,0.06046200171113014,1551.6376953125,17.739166259765625
210.99436950683594,25833.34375,0.06095099821686745,1592.429443359375,17.929826736450195
212.64259338378906,26228.32421875,0.06128000095486641,1607.988525390625,18.402999877929688
212.2828369140625,26539.673828125,0.06207200139760971,1626.974365234375,18.838306427001953
214.17552185058594,26608.693359375,0.06255300343036652,1641.640380859375,19.16884422302246
214.96054077148438,26568.28125,0.06214800104498863,1635.2216796875,19.140369415283203
216.4657745361328,26534.1875,0.06151700019836426,1622.896728515625,18.831628799438477
216.00392150878906,26754.28125,0.06201599910855293,1637.3470458984375,19.657245635986328
217.21095275878906,27211.1171875,0.06270900368690491,1643.544677734375,20.03618812561035
214.3633270263672,27132.0078125,0.06262999773025513,1622.890625,20.3049373626709
210.7939453125,26567.6328125,0.06134599819779396,1584.3070068359375,19.47907066345215
211.15086364746094,26579.568359375,0.06153099983930588,1593.268310546875,19.43814468383789
210.56060791015625,26579.390625,0.061507001519203186,1593.8577880859375,19.47390365600586
208.28289794921875,26256.826171875,0.060743000358343124,1580.8533935546875,19.374290466308594
210.0738067626953,26298.48046875,0.06095900014042854,1588.3228759765625,19.40414047241211
212.37844848632812,26217.25,0.06059899926185608,1593.417236328125,19.023286819458008
211.98541259765625,26352.716796875,0.060504000633955,1597.4912109375,19.130022048950195
215.07598876953125,27021.546875,0.06148400157690048,1652.8826904296875,19.957616806030273
215.2794189453125,26911.720703125,0.062178000807762146,1667.94384765625,20.300655364990234
214.82130432128906,26967.916015625,0.06214100122451782,1671.161865234375,21.3951473236084
218.04713439941406,27983.75,0.06319300085306168,1733.8104248046875,23.83648681640625
214.7579345703125,27530.78515625,0.062059998512268066,1663.6275634765625,23.371700286865234
213.43594360351562,27429.978515625,0.061386000365018845,1656.6856689453125,23.55269432067871
213.4130859375,27799.39453125,0.06148799881339073,1647.838134765625,23.144786834716797
210.67967224121094,27415.912109375,0.06092299893498421,1611.4764404296875,22.694141387939453
213.55552673339844,27946.59765625,0.06142599880695343,1645.83154296875,23.424453735351562
212.36447143554688,27968.83984375,0.061455000191926956,1634.51123046875,23.287302017211914
211.51998901367188,27935.08984375,0.06100799888372421,1633.548583984375,23.24642562866211
205.75096130371094,27583.677734375,0.058779001235961914,1579.806640625,22.118396759033203
208.57687377929688,27391.01953125,0.05902500078082085,1567.7130126953125,22.10511589050293
206.53341674804688,26873.3203125,0.058469999581575394,1566.2547607421875,22.00741958618164
205.2294158935547,26756.798828125,0.05789700150489807,1539.6124267578125,21.300268173217773
206.03611755371094,26862.375,0.05839800089597702,1552.0894775390625,21.834917068481445
206.60189819335938,26861.70703125,0.05985900014638901,1555.2568359375,22.01171875
209.7425079345703,27159.65234375,0.05934999883174896,1558.06982421875,21.922027587890625
214.82395935058594,28519.466796875,0.060113999992609024,1600.5343017578125,23.98295783996582
211.6432342529297,28415.748046875,0.059119999408721924,1565.4395751953125,23.959318161010742
210.50103759765625,28328.341796875,0.05867300182580948,1563.7498779296875,23.432138442993164
211.1441650390625,28719.806640625,0.058883000165224075,1567.45703125,24.93791961669922
212.30084228515625,29682.94921875,0.05996499955654144,1604.6668701171875,27.033674240112305
214.3056640625,29918.412109375,0.061188001185655594,1629.304443359375,29.386228561401367
217.74737548828125,29993.896484375,0.06159599870443344,1663.429931640625,29.03668212890625
228.35276794433594,33086.234375,0.06708499789237976,1765.3826904296875,31.850984573364258
225.14295959472656,33901.52734375,0.06655599921941757,1784.4375,30.15153694152832
222.179931640625,34502.8203125,0.06836099922657013,1787.3975830078125,32.46306610107422
223.2360382080078,34156.6484375,0.07186699658632278,1804.039306640625,32.77549362182617
224.4759063720703,33909.80078125,0.06788100302219391,1780.0452880859375,31.73969841003418
225.77407836914062,34089.57421875,0.06900099664926529,1776.6181640625,31.653318405151367
227.14845275878906,34538.48046875,0.06935899704694748,1795.5460205078125,32.822608947753906
228.2874298095703,34502.36328125,0.06965000182390213,1810.088623046875,34.962337493896484
226.43994140625,34667.78125,0.06827700138092041,1816.458984375,38.51951599121094
228.00010681152344,35437.25390625,0.06884100288152695,1847.0897216796875,41.461544036865234
231.7230224609375,34938.2421875,0.06793399900197983,1800.6209716796875,40.20756912231445
230.60597229003906,34732.32421875,0.06814400106668472,1832.795166015625,39.51976013183594
237.45460510253906,35082.1953125,0.06907899677753448,1857.6986083984375,42.346595764160156
244.32247924804688,35049.35546875,0.07122399657964706,1894.15771484375,41.23860168457031
254.63479614257812,35037.37109375,0.07638099789619446,1899.83740234375,42.12858963012695
246.39529418945312,35443.5625,0.07351800054311752,1888.124267578125,43.09254455566406
247.123291015625,35655.27734375,0.07548099756240845,1889.3223876953125,43.18988800048828
251.51084899902344,36693.125,0.07346100360155106,2120.56103515625,45.444828033447266
251.08236694335938,37313.96875,0.07544399797916412,2078.289794921875,56.64385223388672
251.42161560058594,37138.05078125,0.07840599864721298,2052.7138671875,56.1026611328125
247.6400146484375,37054.51953125,0.07798100262880325,2045.18701171875,56.15409851074219
241.33506774902344,36502.35546875,0.07478199899196625,2055.265380859375,51.90705108642578
242.263671875,35537.640625,0.07245700061321259,1979.0526123046875,56.838375091552734
253.75534057617188,37880.58203125,0.07635600119829178,2060.408447265625,65.5344009399414
242.75888061523438,36154.76953125,0.07927700132131577,1960.881591796875,57.871402740478516
244.745361328125,36596.68359375,0.08630400151014328,1961.28076171875,58.41593551635742
244.9507598876953,36585.703125,0.08038300275802612,1963.2850341796875,58.512725830078125
246.58778381347656,37386.546875,0.08057600259780884,2013.2044677734375,61.393558502197266
253.6350860595703,37476.95703125,0.07787899672985077,2022.2391357421875,56.53383255004883
226.4864044189453,35813.8125,0.07211899757385254,1937.0667724609375,52.00047302246094
236.1365966796875,37432.33984375,0.07578399777412415,2064.42529296875,57.588558197021484
233.76580810546875,37289.62109375,0.07620000094175339,2062.210693359375,56.599369049072266
232.9009552001953,37720.28125,0.07821699976921082,2081.152099609375,56.86643981933594
234.43994140625,37796.79296875,0.07895500212907791,2084.4130859375,58.84648895263672
232.0471954345703,37479.12109375,0.07870399951934814,2063.2861328125,57.6427001953125
227.42147827148438,37254.16796875,0.07878799736499786,2027.4173583984375,55.06462097167969
229.69296264648438,37831.0859375,0.08100900053977966,2049.338134765625,58.19437026977539
227.34275817871094,37858.4921875,0.08059299737215042,2029.92919921875,59.25012969970703
227.68380737304688,37712.74609375,0.08341699838638306,2052.55615234375,59.24162292480469
228.54563903808594,38688.75,0.08385699987411499,2087.139892578125,59.80399703979492
229.30084228515625,39476.33203125,0.08627899736166,2165.7041015625,63.83285903930664
228.09820556640625,39978.390625,0.08561500161886215,2193.691650390625,63.03996658325195
233.29530334472656,41980.09765625,0.0919400006532669,2243.2158203125,61.526615142822266
231.2613525390625,44080.6484375,0.0942469984292984,2293.841796875,60.99483108520508
229.42440795898438,43746.4453125,0.09486400336027145,2231.661376953125,61.902957916259766
232.97743225097656,43292.6640625,0.09591999650001526,2357.57958984375,67.83782958984375
238.91598510742188,44166.6015625,0.10147000104188919,2358.73193359375,75.00243377685547
237.7686004638672,43725.984375,0.0985419973731041,2341.17529296875,72.25760650634766
239.733154296875,43779.69921875,0.10180100053548813,2352.462646484375,74.70588684082031
246.42086791992188,41243.83203125,0.09438399970531464,2224.578857421875,70.36717224121094
254.49497985839844,41450.22265625,0.0938350036740303,2202.0380859375,68.54067993164062
252.42332458496094,42890.7421875,0.09642799943685532,2260.648681640625,70.76778411865234
253.5412139892578,43023.97265625,0.09825500100851059,2316.5791015625,75.62033081054688
244.8984375,41929.7578125,0.0930040031671524,2219.33740234375,72.36898803710938
244.35096740722656,42240.1171875,0.09705600142478943,2226.926513671875,73.47350311279297
239.30828857421875,41364.6640625,0.09309700131416321,2196.481201171875,71.00051879882812
241.3484344482422,42623.5390625,0.09203600138425827,2217.2734375,74.34716033935547
252.63719177246094,42270.52734375,0.09029699862003326,2177.87255859375,72.9897689819336
260.10736083984375,43652.25,0.09141699969768524,2201.911376953125,82.19123077392578
271.24658203125,43869.15234375,0.09500399976968765,2239.54248046875,93.85481262207031
271.3764953613281,43997.90234375,0.09519799798727036,2326.52490234375,98.00369262695312
271.3909606933594,43739.54296875,0.09356199949979782,2309.04638671875,107.59423065185547
264.71710205078125,43016.1171875,0.09189499914646149,2265.692138671875,112.48521423339844
267.0733642578125,43613.140625,0.0944489985704422,2272.561767578125,121.1464614868164
297.6932373046875,42520.40234375,0.09135600179433823,2231.46533203125,112.6767349243164
323.6773376464844,43442.85546875,0.09357900172472,2378.739990234375,107.02379608154297
323.5989990234375,42627.85546875,0.09188400208950043,2347.566162109375,102.10456848144531
313.8787536621094,42099.40234375,0.09103800356388092,2300.690673828125,106.31151580810547
317.16619873046875,42156.90234375,0.09014800190925598,2292.0654296875,101.84508514404297
312.4356994628906,42265.1875,0.08947200328111649,2281.47119140625,101.50582122802734
314.4082946777344,44167.33203125,0.09202399849891663,2352.327880859375,109.50868225097656
312.10382080078125,44957.96875,0.09120400249958038,2355.83642578125,106.61122131347656
316.6612854003906,42848.17578125,0.08204200118780136,2210.761962890625,98.59443664550781
323.6000061035156,44179.921875,0.08413100242614746,2269.0380859375,105.0775375366211
317.4502868652344,44162.69140625,0.08277300000190735,2268.647216796875,99.97879028320312
307.79449462890625,43989.1953125,0.0806640014052391,2241.624755859375,93.85771942138672
302.8905334472656,43943.09765625,0.07822500169277191,2222.865966796875,89.2763442993164
304.5003967285156,46970.50390625,0.08137000352144241,2333.03271484375,97.79044342041016
300.9761047363281,46139.73046875,0.07926300168037415,2344.8271484375,99.40918731689453
305.0968322753906,46627.77734375,0.08294200152158737,2582.103515625,102.03302001953125
308.7015075683594,46368.5859375,0.0846249982714653,2619.619140625,99.90943908691406
296.6304626464844,42853.16796875,0.08004599809646606,2524.460205078125,91.72090911865234
302.227294921875,42842.3828125,0.08092299848794937,2576.597900390625,95.73004913330078
299.05133056640625,41796.26953125,0.07997799664735794,2472.2412109375,94.13314056396484
317.5672607421875,42511.96875,0.08112499862909317,2511.36376953125,94.49022674560547
315.22625732421875,43154.9453125,0.08130999654531479,2587.691162109375,97.62691497802734
309.08538818359375,42742.65234375,0.08050499856472015,2528.369384765625,102.0635986328125
313.2928771972656,41262.05859375,0.07798700034618378,2467.018798828125,94.2509536743164
314.3004455566406,41618.40625,0.07853599637746811,2489.49853515625,93.38616943359375
316.96038818359375,41665.5859375,0.08788800239562988,2469.589111328125,92.56983947753906
318.3186950683594,41545.78515625,0.08527299761772156,2453.9130859375,90.84843444824219
305.43701171875,39507.3671875,0.08034099638462067,2310.826416015625,83.62281036376953
298.4039001464844,39845.55078125,0.07815399765968323,2240.68603515625,84.27450561523438
293.0914306640625,40077.07421875,0.07901600003242493,2233.561767578125,88.73200988769531
291.9192810058594,39933.80859375,0.07793299853801727,2217.710205078125,86.88921356201172
302.3179931640625,41816.87109375,0.07990100234746933,2267.19970703125,92.44236755371094
305.8248291015625,42120.0546875,0.08014199882745743,2267.885986328125,94.16321563720703
304.9756164550781,42035.59375,0.07881300151348114,2257.208740234375,95.93798065185547
310.7080078125,43288.24609375,0.08128900080919266,2317.064208984375,101.56666564941406
307.4627380371094,42952.609375,0.07972300052642822,2344.49365234375,101.47297668457031
300.35107421875,42582.60546875,0.07876399904489517,2282.54443359375,97.0287094116211
300.1759033203125,43075.7734375,0.07932700216770172,2303.82470703125,97.84669494628906
301.15496826171875,43185.859375,0.07923299819231033,2308.0380859375,100.44052124023438
299.7367248535156,42992.25,0.07865100353956223,2296.038330078125,97.8799819946289
304.7341613769531,42583.58203125,0.07823800295591354,2289.546142578125,95.47695922851562
300.8540344238281,42658.66796875,0.07822000235319138,2298.888916015625,95.54866027832031
302.71014404296875,43084.671875,0.07846599817276001,2372.201904296875,96.86107635498047
307.63458251953125,44318.22265625,0.08010400086641312,2423.7451171875,100.97927856445312
318.87188720703125,45301.56640625,0.07987099885940552,2419.906494140625,102.78563690185547
323.84228515625,47147.19921875,0.08157899975776672,2487.515625,106.93333435058594
323.1338806152344,47771.27734375,0.08144800364971161,2501.228271484375,109.1314697265625
320.78753662109375,48293.91796875,0.0811930000782013,2507.570556640625,107.49528503417969
327.9446105957031,49958.22265625,0.08234500139951706,2658.115966796875,111.99275207519531
324.86822509765625,49742.44140625,0.08108899742364883,2642.185302734375,112.57930755615234
334.2459716796875,51826.6953125,0.08554299920797348,2777.90234375,116.97632598876953
354.7108154296875,51938.5546875,0.08535599708557129,2824.37890625,113.69940948486328
360.890380859375,52160.203125,0.08601299673318863,2803.69140625,110.44591522216797
352.9081115722656,51662.99609375,0.08359300345182419,2786.672607421875,108.98401641845703
349.6799621582031,52122.546875,0.08516599982976913,2878.998046875,112.17467498779297
351.8070983886719,51779.14453125,0.08947700262069702,2943.57470703125,111.4853286743164
354.8639221191406,52284.875,0.08614300191402435,3013.503662109375,108.45964050292969
378.5373229980469,51839.1796875,0.08461499959230423,2970.35546875,105.1252212524414
382.009765625,51304.97265625,0.0840890035033226,2971.00732421875,101.66979217529297
375.319091796875,50731.94921875,0.08443400263786316,2921.658203125,99.95469665527344
381.7427978515625,51571.1015625,0.08615600317716599,2992.385986328125,104.1335220336914
388.5517272949219,51733.23828125,0.08609899878501892,3112.697265625,103.4534912109375
401.6438903808594,54522.40234375,0.08938899636268616,3178.99365234375,109.91853332519531
394.9956359863281,57085.37109375,0.09767100214958191,3244.519287109375,108.3880844116211
415.7716064453125,62504.7890625,0.1165819987654686,3385.703857421875,118.05220031738281
399.7787170410156,61198.3828125,0.11718499660491943,3341.919677734375,125.71151733398438
407.8107604980469,62440.6328125,0.13955700397491455,3435.053955078125,129.9904022216797
410.9858703613281,62029.84765625,0.14212100207805634,3422.0498046875,129.70018005371094
414.3810729980469,63167.37109375,0.15383599698543549,3490.99365234375,130.45086669921875
419.0354309082031,68330.4140625,0.1829099953174591,3630.433837890625,133.194580078125
394.6617431640625,63801.19921875,0.15393699705600739,3554.964599609375,125.70671081542969
429.011962890625,66106.8046875,0.15779100358486176,3819.226318359375,130.7420196533203
475.2906494140625,66925.484375,0.1581210047006607,3874.34765625,143.9778594970703
488.09417724609375,68300.09375,0.16534699499607086,3892.06103515625,145.2400360107422
489.56182861328125,68498.8828125,0.17908300459384918,3915.4189453125,144.6072540283203
529.374755859375,69019.7890625,0.16991999745368958,3881.193115234375,144.5151824951172
522.718017578125,72123.90625,0.18196499347686768,4066.445068359375,148.75096130371094
537.86572265625,71481.2890625,0.16814400255680084,3980.273193359375,151.01544189453125
630.5613403320312,73083.5,0.1691579967737198,4006.45703125,163.83981323242188
602.9887084960938,71396.59375,0.17733000218868256,3883.140380859375,176.67974853515625
632.8027954101562,69403.7734375,0.1632310003042221,3735.22021484375,182.96469116210938
576.7752075195312,65315.1171875,0.14236800372600555,3522.860107421875,181.88034057617188
571.0855712890625,68390.625,0.15433000028133392,3642.4130859375,202.12356567382812
554.55712890625,67548.59375,0.14367300271987915,3517.985107421875,195.9927520751953
507.0765686035156,61912.7734375,0.1287280023097992,3157.6181640625,170.0162811279297
556.7005004882812,67913.671875,0.15218600630760193,3513.39306640625,191.54962158203125
553.2482299804688,65491.390625,0.15529200434684753,3492.9912109375,179.2207489013672
551.778564453125,63778.76171875,0.15270300209522247,3333.68798828125,174.36370849609375
551.8795166015625,64062.203125,0.16176800429821014,3336.593994140625,172.90225219726562
567.9948120117188,67234.171875,0.17645299434661865,3454.636474609375,183.57345581054688
587.4276123046875,69958.8125,0.17536699771881104,3590.8837890625,189.0835418701172
580.1505126953125,69987.8359375,0.18248599767684937,3587.5048828125,190.69985961914062
574.5115966796875,69455.34375,0.19032999873161316,3500.115234375,186.36146545410156
583.2708740234375,70744.953125,0.22005599737167358,3561.2939453125,189.6216278076172
612.657958984375,69892.828125,0.21349099278450012,3511.80615234375,192.2279510498047
601.016357421875,69645.3046875,0.19943399727344513,3507.9443359375,194.3855438232422
606.9086303710938,71333.6484375,0.22006399929523468,3647.8564453125,202.87413024902344
576.3966674804688,69702.1484375,0.20556999742984772,3505.030029296875,192.5678253173828
550.6814575195312,65446.97265625,0.1823039948940277,3277.234619140625,181.17225646972656
562.0196533203125,65980.8125,0.17554700374603271,3311.44189453125,185.2486114501953
585.4415283203125,68508.84375,0.17992599308490753,3330.04052734375,183.95811462402344
578.9669189453125,67837.640625,0.17751799523830414,3318.88525390625,174.5015106201172
585.966796875,68896.109375,0.18595099449157715,3354.183837890625,178.91534423828125
584.1021728515625,69362.5546875,0.19910800457000732,3453.49462890625,179.6498565673828
586.9009399414062,71631.359375,0.20263999700546265,3695.292724609375,180.78477478027344
580.830322265625,69139.015625,0.18900099396705627,3505.163330078125,172.4136199951172
610.0839233398438,70587.8828125,0.19998399913311005,3543.737060546875,173.43736267089844
604.893798828125,70060.609375,0.19401100277900696,3505.247802734375,172.5763702392578
596.380126953125,67195.8671875,0.17459699511528015,3243.034912109375,153.63546752929688
554.2998046875,63821.47265625,0.1531679928302765,3004.900390625,139.34169006347656
567.2184448242188,65738.7265625,0.1622850000858307,3156.94189453125,151.28494262695312
552.87451171875,63426.2109375,0.16136899590492249,3101.600341796875,138.5086212158203
537.829345703125,63811.86328125,0.15598900616168976,3084.920166015625,136.27932739257812
534.416015625,61276.69140625,0.14760500192642212,2984.7275390625,131.86618041992188
552.172119140625,63512.75390625,0.15244799852371216,3066.027587890625,142.0823974609375
554.8892822265625,63843.5703125,0.15626800060272217,3059.278564453125,142.6804962158203
570.9605102539062,64994.44140625,0.1628270000219345,3157.627197265625,151.13356018066406
579.6199340820312,64926.64453125,0.15826000273227692,3147.28857421875,148.60931396484375
605.5755004882812,66837.6796875,0.16119399666786194,3201.652099609375,157.03121948242188
606.8406372070312,66407.2734375,0.15994399785995483,3219.91162109375,154.70130920410156
608.0861206054688,64276.8984375,0.15135399997234344,3139.80517578125,147.74514770507812
614.0050048828125,64481.70703125,0.15139399468898773,3156.509521484375,144.89212036132812
597.7054443359375,63755.3203125,0.14783699810504913,3130.164794921875,139.10433959960938
595.7205200195312,63419.140625,0.1477160006761551,3252.168212890625,141.28916931152344
600.0711669921875,63113.23046875,0.146698996424675,3262.774658203125,137.85641479492188
592.8312377929688,63841.12109375,0.14349199831485748,3215.428955078125,137.7766571044922
578.488037109375,60636.85546875,0.13332700729370117,3012.286865234375,126.96270751953125
561.408203125,58254.01171875,0.1301340013742447,2969.78466796875,134.6279754638672
560.5267333984375,59123.43359375,0.1321060061454773,2988.16845703125,137.81448364257812
587.0104370117188,62889.8359375,0.1461459994316101,3103.5419921875,143.77255249023438
585.8465576171875,63891.47265625,0.1601569950580597,3117.576416015625,146.1350555419922
592.140380859375,64031.1328125,0.16106800734996796,3137.2490234375,145.71302795410156
588.4759521484375,63161.94921875,0.1566080003976822,3062.728759765625,152.80239868164062
577.4862060546875,62334.81640625,0.15018999576568604,3006.5771484375,148.1343231201172
588.1974487304688,61187.94140625,0.14329400658607483,2973.6572265625,142.29473876953125
596.031982421875,63049.9609375,0.15211699903011322,3036.0205078125,152.84994506835938
585.6221923828125,60792.77734375,0.14403100311756134,2909.791259765625,146.21690368652344
592.0278930664062,60793.7109375,0.1429239958524704,2911.60205078125,145.3143768310547
594.424560546875,61448.39453125,0.1412310004234314,2928.701904296875,143.52081298828125
591.60693359375,62901.44921875,0.14843399822711945,2949.359619140625,147.28233337402344
566.70703125,61552.7890625,0.14541900157928467,2881.157958984375,142.0303955078125
582.0743408203125,66267.4921875,0.15552599728107452,3037.056640625,158.18682861328125
569.1902465820312,65231.58203125,0.14963699877262115,2945.131103515625,159.116455078125
581.1783447265625,67051.875,0.15556299686431885,3094.11865234375,169.53054809570312
580.4811401367188,66940.8046875,0.15307700634002686,3122.948974609375,172.5391387939453
574.6316528320312,66278.3671875,0.14910699427127838,3071.843017578125,170.0913543701172
600.6163330078125,71448.1953125,0.16568799316883087,3663.85546875,186.52049255371094
618.4204711914062,70136.53125,0.17047399282455444,3789.312744140625,178.11614990234375
614.671875,69122.3359375,0.16616299748420715,3737.2177734375,176.86077880859375
598.6708374023438,67929.5625,0.1596129983663559,3776.92724609375,175.98577880859375
600.2258911132812,68526.1015625,0.16380299627780914,3726.9345703125,167.7969207763672
602.1944580078125,69265.9453125,0.17396000027656555,3749.236572265625,168.43763732910156
599.825927734375,68518.09375,0.16621999442577362,3825.8974609375,163.3509063720703
603.5264282226562,69394.5546875,0.16909000277519226,3892.0068359375,169.9961395263672
601.2132568359375,68296.21875,0.16496199369430542,3840.25634765625,168.65084838867188
594.9720458984375,67578.09375,0.16369499266147614,3763.196533203125,168.0726776123047
595.0267944335938,68364.9921875,0.15954400599002838,3746.849609375,166.97653198242188
593.5223388671875,67491.4140625,0.15913599729537964,3760.026611328125,165.63771057128906
601.30419921875,67706.9375,0.16019999980926514,3813.198974609375,166.03067016601562
603.026611328125,67751.6015625,0.15720100700855255,3780.89599609375,163.24990844726562
626.4329833984375,68804.78125,0.15828199684619904,3766.38916015625,164.9234619140625
686.201416015625,70567.765625,0.16144999861717224,3812.515869140625,171.8019256591797
698.889404296875,71082.8203125,0.16323499381542206,3864.260986328125,173.48291015625
710.4640502929688,70757.1640625,0.16015900671482086,3811.60595703125,170.01622009277344
683.3609619140625,69342.5859375,0.14830300211906433,3678.629150390625,162.50704956054688
682.6651611328125,69305.7734375,0.14605900645256042,3680.949951171875,157.96890258789062
673.3153076171875,69647.9921875,0.14677399396896362,3705.90380859375,162.08360290527344
624.3868408203125,69512.28125,0.1447400003671646,3666.717529296875,158.9280242919922
602.55810546875,67332.03125,0.13810400664806366,3498.33056640625,149.42898559570312
619.19482421875,68241.1875,0.14619599282741547,3559.61767578125,155.1775665283203
599.5150756835938,66756.3984375,0.1410599946975708,3469.28125,147.31442260742188
603.1805419921875,66011.09375,0.13496999442577362,3480.27197265625,143.0944366455078
607.8029174804688,66191.0,0.13656599819660187,3565.549560546875,145.41221618652344
610.0540161132812,66639.046875,0.1369370073080063,3620.5634765625,151.12550354003906
604.4673461914062,66490.296875,0.12888899445533752,3511.37890625,143.3342742919922
588.7020874023438,65140.74609375,0.12229599803686142,3483.681396484375,137.50399780273438
598.771728515625,64960.296875,0.12234099954366684,3559.347412109375,135.60960388183594
587.107177734375,64828.65625,0.12441900372505188,3511.0869140625,133.47296142578125
585.9119262695312,64096.19921875,0.1240290030837059,3516.07568359375,134.5883026123047
590.7633666992188,64252.578125,0.1237889975309372,3494.8134765625,133.6702423095703
577.2108764648438,63180.796875,0.12225700169801712,3418.61181640625,128.59042358398438
567.578125,60277.4140625,0.11904300004243851,3350.25634765625,132.24139404296875
578.1034545898438,61804.640625,0.12615300714969635,3395.029052734375,136.5592041015625
572.4017944335938,60811.27734375,0.12267900258302689,3369.477294921875,136.60914611816406
580.7982788085938,61604.80078125,0.126910999417305,3444.800537109375,149.44837951660156
566.4644775390625,60320.13671875,0.12278900295495987,3373.635986328125,139.70339965820312
569.127685546875,60887.37890625,0.12169899791479111,3372.9677734375,140.01014709472656
581.7711181640625,62678.29296875,0.12430500239133835,3432.88916015625,146.49249267578125
576.6869506835938,62851.98046875,0.12344200164079666,3440.341552734375,146.59506225585938
578.9810791015625,62029.015625,0.1250160038471222,3416.354736328125,153.7004852294922
556.5777587890625,60173.921875,0.11847099661827087,3292.916748046875,140.73141479492188
513.9945068359375,56977.703125,0.10488700121641159,3054.52197265625,127.55081939697266
497.9958190917969,56662.375,0.10559400171041489,2981.5986328125,134.3693389892578
527.6743774414062,58303.5390625,0.1136149987578392,3069.3779296875,143.24118041992188
490.6131286621094,55849.109375,0.10423199832439423,2929.38720703125,131.7740936279297
510.6142578125,56705.09765625,0.1075809970498085,3018.73193359375,139.4636993408203
516.568115234375,58009.2265625,0.10751300305128098,3064.032958984375,141.34844970703125
524.5165405273438,57742.49609375,0.10802199691534042,3102.21875,141.97479248046875
525.1380615234375,57344.9140625,0.10666699707508087,3100.330810546875,135.8832244873047
533.75732421875,57899.46484375,0.10768499970436096,3134.15869140625,139.52801513671875
532.3488159179688,59231.953125,0.11235599964857101,3177.19873046875,141.9249725341797
544.8187255859375,60787.79296875,0.11544899642467499,3244.0791015625,147.622314453125
586.1410522460938,64870.15234375,0.12522800266742706,3489.552734375,159.93397521972656
576.583984375,65097.1484375,0.12493100017309189,3443.513427734375,160.5518798828125
568.9127197265625,64118.79296875,0.12188400328159332,3388.75244140625,155.5841064453125
571.9515380859375,63974.06640625,0.11949600279331207,3426.258544921875,159.07241821289062
593.7021484375,66710.15625,0.12547999620437622,3505.73486328125,169.1858673095703
593.5722045898438,67163.6484375,0.13443000614643097,3519.29541015625,173.89178466796875
601.8511962890625,68154.5234375,0.14016899466514587,3536.60546875,184.54161071777344
587.9177856445312,67585.25,0.13788099586963654,3440.419921875,178.97828674316406
582.0995483398438,65927.671875,0.13039100170135498,3481.995849609375,172.757568359375
574.5784912109375,65372.1328125,0.12808799743652344,3336.33935546875,178.0323028564453
570.71337890625,65777.2265625,0.12522099912166595,3174.42724609375,171.96307373046875
581.0779418945312,67912.0625,0.13431799411773682,3275.951416015625,183.13671875
581.5888061523438,67813.3359375,0.1315920054912567,3247.60791015625,184.0854034423828
584.099609375,68255.8671875,0.13007499277591705,3271.464599609375,184.88607788085938
574.642578125,66819.9140625,0.1286740005016327,3320.539306640625,182.7805938720703
587.6651000976562,66201.015625,0.12559500336647034,3278.667724609375,179.10719299316406
576.3681640625,64619.25,0.12201400101184845,3231.295654296875,171.82615661621094
575.146728515625,65357.5,0.11923599988222122,3201.564453125,167.672119140625
542.9151611328125,61415.06640625,0.11150799691677094,2986.01318359375,152.6382293701172
529.4813232421875,60680.09375,0.10816899687051773,2903.3857421875,142.9219970703125
497.0390930175781,58116.9765625,0.10373300313949585,2686.39892578125,138.05508422851562
464.6269226074219,53991.45703125,0.0945030003786087,2417.206298828125,129.8643035888672
484.3238220214844,56034.31640625,0.09637100249528885,2458.723876953125,144.09036254882812
474.2247619628906,55027.4609375,0.09551499783992767,2336.58935546875,144.63209533691406
517.3375244140625,61710.13671875,0.10740400105714798,2683.352783203125,162.9307403564453
509.1827087402344,60880.11328125,0.10397399961948395,2599.5986328125,156.45721435546875
523.317626953125,60945.8125,0.10520199686288834,2610.02294921875,153.95916748046875
503.8045349121094,58719.484375,0.10056599974632263,2553.252197265625,141.52685546875
518.5361328125,59354.515625,0.1077670007944107,2724.431884765625,146.45423889160156
524.1285400390625,60609.56640625,0.1064160019159317,2703.671875,146.7126922607422
524.0153198242188,58737.26953125,0.10255499929189682,2662.914794921875,143.9234619140625
519.870361328125,57560.09765625,0.10026700049638748,2570.087646484375,142.74581909179688
519.9686279296875,58894.10546875,0.10043899714946747,2593.1865234375,139.33056640625
542.2342529296875,59478.97265625,0.10275500267744064,2614.546875,141.7985076904297
531.6085205078125,58483.96484375,0.1001719981431961,2613.357177734375,142.58688354492188
559.81884765625,59493.453125,0.10150399804115295,2637.306396484375,144.34368896484375
569.2669677734375,59012.79296875,0.10300099849700928,2573.10693359375,143.16773986816406
570.0197143554688,61175.19140625,0.10615699738264084,2631.3955078125,142.70960998535156
583.0518798828125,60381.9140625,0.10530800372362137,2622.951416015625,143.2579345703125
591.8060302734375,64094.35546875,0.11292699724435806,2764.447021484375,153.10708618164062
580.76220703125,64178.9921875,0.11263100057840347,2769.3896484375,160.73175048828125
574.2499389648438,64333.54296875,0.10969799757003784,2749.15771484375,158.90911865234375
548.8280029296875,62880.66015625,0.10529199987649918,2681.340576171875,157.23687744140625
533.9758911132812,59504.1328125,0.09905599802732468,2458.7265625,146.8970947265625
536.816162109375,59027.625,0.09962700307369232,2528.41552734375,143.89138793945312
536.6256713867188,59388.1796875,0.10042499750852585,2528.792724609375,140.0540313720703
535.3157958984375,59119.4765625,0.10204300284385681,2525.822021484375,138.09999084472656
532.89697265625,58969.8984375,0.10133200138807297,2513.393798828125,135.37425231933594
512.59521484375,57325.48828125,0.09535399824380875,2427.90234375,128.6905517578125
526.438720703125,59112.48046875,0.09911499917507172,2538.187255859375,135.0023651123047
518.6689453125,57431.0234375,0.09671899676322937,2420.603759765625,127.57758331298828
507.82049560546875,57971.5390625,0.09802500158548355,2448.97705078125,133.60391235351562
502.0693664550781,56160.48828125,0.0983090028166771,2367.737548828125,129.32894897460938
486.9027404785156,53948.75390625,0.0924839973449707,2223.87646484375,124.99007415771484
493.22613525390625,54139.6875,0.09526100009679794,2274.107177734375,127.72156524658203
503.0001525878906,54841.56640625,0.0960799977183342,2297.29296875,129.98951721191406
518.5453491210938,57019.53515625,0.10382899641990662,2358.482177734375,135.02561950683594
517.4838256835938,57648.7109375,0.1027119979262352,2389.5810546875,135.63522338867188
530.1940307617188,57343.171875,0.10137800127267838,2339.841552734375,132.4973907470703
544.3037719726562,58127.01171875,0.10279899835586548,2361.78173828125,136.14190673828125
557.01806640625,60571.30078125,0.10711400210857391,2441.607177734375,139.1005401611328
553.5650634765625,60005.12109375,0.10546699911355972,2418.595703125,137.17977905273438
553.9722900390625,59182.8359375,0.10293299704790115,2320.897216796875,131.4993896484375
533.80908203125,58192.5078125,0.09969300031661987,2295.28369140625,131.47259521484375
546.0135498046875,60308.5390625,0.10113699734210968,2341.707763671875,131.53707885742188
559.0445556640625,61649.6796875,0.10358499735593796,2369.72900390625,133.99185180664062
566.2235107421875,62940.45703125,0.10503099858760834,2464.752197265625,142.83627319335938
568.5850830078125,63192.9765625,0.10547100007534027,2561.072021484375,146.56680297851562
589.0379638671875,63394.83984375,0.11004900187253952,2615.857177734375,149.52703857421875
588.0869140625,63648.7109375,0.1063390001654625,2582.862548828125,144.80364990234375
604.3660278320312,63329.80078125,0.1081560030579567,2648.54638671875,144.8149871826172
606.5230712890625,64301.96875,0.10977499932050705,2654.35498046875,152.89215087890625
587.3525390625,63143.14453125,0.10850399732589722,2579.388671875,148.02342224121094
596.7769165039062,65181.01953125,0.11817599833011627,2632.199951171875,155.5760955810547
607.8670043945312,65790.6640625,0.12371399998664856,2695.900634765625,157.74993896484375
601.5671997070312,65887.6484375,0.12867100536823273,2677.5390625,156.9124298095703
596.4111938476562,65635.3046875,0.1246739998459816,2659.346923828125,158.62916564941406
567.2600708007812,63329.5,0.11442799866199493,2603.062744140625,152.61846923828125
547.9971313476562,60837.0078125,0.10704299807548523,2448.921142578125,145.28988647460938
542.7123413085938,60632.78515625,0.10475900024175644,2365.231689453125,140.38555908203125
544.4249877929688,60759.40234375,0.10509900003671646,2349.791259765625,136.78518676757812
555.3842163085938,62067.4765625,0.10926400125026703,2414.7939453125,143.17227172851562
563.2091674804688,62089.94921875,0.10948699712753296,2415.6318359375,142.7117462158203
570.542724609375,62818.953125,0.1114799976348877,2439.957763671875,146.44236755371094
564.1497192382812,62236.66015625,0.10865499824285507,2421.796630859375,143.99179077148438
580.4038696289062,62131.96875,0.10704399645328522,2439.8408203125,143.39442443847656
570.2771606445312,60582.1015625,0.10793899744749069,2368.283447265625,139.31553649902344
562.7257690429688,60274.5,0.10598000138998032,2383.85791015625,138.88841247558594
572.8572387695312,62445.08984375,0.11073300242424011,2436.513427734375,145.3811492919922
576.4497680664062,63193.0234375,0.11141599714756012,2476.523193359375,146.5002899169922
571.8217163085938,62851.375,0.11133600026369095,2467.677001953125,147.5724334716797
588.9004516601562,66046.125,0.11665400117635727,2628.89990234375,157.44512939453125
594.189208984375,67041.109375,0.11752700060606003,2606.02197265625,154.7206268310547
600.8178100585938,67612.71875,0.12577299773693085,2611.10205078125,154.23422241210938
592.0396118164062,67399.8359375,0.12965799868106842,2604.2734375,150.31602478027344
599.364990234375,68418.7890625,0.13721300661563873,2641.55224609375,154.97593688964844
597.9749145507812,68362.734375,0.14452700316905975,2648.656982421875,159.6393585205078
605.517822265625,69001.703125,0.14208300411701202,2746.364013671875,166.9398193359375
598.8175659179688,67367.8515625,0.14369000494480133,2665.712158203125,166.2168731689453
593.3606567382812,67361.40625,0.13950799405574799,2620.197509765625,167.26014709472656
582.473388671875,66432.1953125,0.138496994972229,2509.098876953125,170.9324951171875
594.15478515625,68161.0546875,0.14198699593544006,2534.49853515625,177.1569366455078
574.2536010742188,66642.4140625,0.13101300597190857,2435.93408203125,164.75689697265625
582.8060913085938,67014.6953125,0.13735699653625488,2479.603271484375,170.70596313476562
588.7158203125,67929.296875,0.14431199431419373,2505.940673828125,176.5491943359375
600.5960693359375,69907.7578125,0.1611499935388565,2565.34814453125,178.1049041748047
605.6682739257812,72720.4921875,0.17583900690078735,2637.95751953125,179.36074829101562
595.7278442382812,72339.5390625,0.16814599931240082,2657.37255859375,174.9249725341797
576.0344848632812,70215.1875,0.16137200593948364,2515.79931640625,168.42999267578125
572.7622680664062,69482.46875,0.1591850072145462,2511.885498046875,166.2621307373047
568.0368041992188,69289.2734375,0.15931600332260132,2491.068603515625,166.01034545898438
557.6416015625,68741.1171875,0.15145400166511536,2456.42529296875,162.55130004882812
552.0711059570312,67811.5078125,0.1583459973335266,2397.0263671875,157.74710083007812
563.612060546875,69359.5625,0.17017999291419983,2422.650634765625,166.72239685058594
591.9952392578125,75639.078125,0.19665800034999847,2724.169189453125,186.9547882080078
598.4359130859375,75904.859375,0.19315899908542633,2895.58544921875,196.3345947265625
597.9484252929688,76545.4765625,0.20213200151920319,2962.296630859375,199.9390106201172
624.3746948242188,76778.8671875,0.21876099705696106,3131.14453125,200.19491577148438
628.302490234375,80474.1875,0.27909499406814575,3191.331298828125,210.6137237548828
661.88720703125,88701.484375,0.3495210111141205,3374.81298828125,222.6416778564453
627.0038452148438,87955.8125,0.3822210133075714,3246.25732421875,212.2318115234375
621.0003051757812,90584.1640625,0.399522989988327,3192.595947265625,215.18455505371094
621.6801147460938,87250.4296875,0.36164599657058716,3058.94873046875,209.2190704345703
618.866455078125,91066.0078125,0.37918901443481445,3103.04052734375,218.09490966796875
622.3731689453125,90558.4765625,0.3637480139732361,3133.27392578125,215.8488311767578
618.4000854492188,89845.8515625,0.3665600121021271,3075.66162109375,237.57553100585938
619.4354858398438,90542.640625,0.37174099683761597,3207.8564453125,239.79425048828125
615.9874267578125,92343.7890625,0.3913559913635254,3111.384033203125,238.09754943847656
606.1174926757812,94339.4921875,0.37749698758125305,3072.18798828125,235.4236602783203
622.8263549804688,98504.7265625,0.38761699199676514,3361.053955078125,257.0658874511719
633.513427734375,98997.6640625,0.41292399168014526,3331.600830078125,256.5186767578125
651.197265625,97777.28125,0.4300119876861572,3396.223388671875,255.1785125732422
660.3175659179688,98013.8203125,0.4298819899559021,3363.659912109375,252.91952514648438
636.6397094726562,93102.296875,0.39333999156951904,3413.5439453125,234.4466094970703
613.5872802734375,91985.3203125,0.3876180052757263,3326.517333984375,230.9781951904297
644.948486328125,95962.53125,0.40152499079704285,3657.249267578125,242.30221557617188
654.3616333007812,95652.46875,0.4020180106163025,3579.8115234375,237.76400756835938
654.8097534179688,97461.5234375,0.42583900690078735,3593.494384765625,243.54949951171875
654.3291625976562,96449.0546875,0.42197099328041077,3705.705322265625,237.74374389648438
655.9324951171875,97279.7890625,0.4400230050086975,3711.1650390625,237.06993103027344
647.594482421875,95865.3046875,0.42467001080513,3644.198486328125,225.75619506835938
737.6965942382812,96002.1640625,0.4078820049762726,3620.711669921875,234.2003173828125
739.2527465820312,98768.53125,0.4319570064544678,3841.3310546875,229.11929321289062
714.3219604492188,96593.5703125,0.4305860102176666,3811.00830078125,233.9987030029297
732.0062866210938,99920.7109375,0.43570899963378906,4005.810546875,237.0510711669922
750.2726440429688,99923.3359375,0.4538869857788086,4002.692626953125,238.54795837402344
743.295654296875,101236.015625,0.4672969877719879,4005.70458984375,236.67233276367188
689.9243774414062,97432.71875,0.41471898555755615,3718.6904296875,217.34146118164062
676.98291015625,96675.4296875,0.39452001452445984,3631.833740234375,213.82461547851562
711.8114013671875,101173.03125,0.41449201107025146,3832.822021484375,227.44683837890625
705.9442138671875,100043.0,0.40654799342155457,3883.1015625,227.02671813964844
726.2548217773438,101459.2578125,0.40908101201057434,3911.205322265625,224.83729553222656
715.6956787109375,101372.96875,0.39797601103782654,3868.4052734375,219.84075927734375
719.13427734375,104298.6953125,0.4062719941139221,3951.941162109375,223.6576690673828
720.3263549804688,106029.71875,0.4019339978694916,3987.48095703125,216.3349609375
716.6824951171875,106140.6015625,0.394336998462677,3886.76611328125,222.8167266845703
687.623779296875,100041.5390625,0.358038991689682,3618.791259765625,206.38174438476562
666.5693359375,97490.953125,0.31506600975990295,3417.927978515625,194.28451538085938
678.0866088867188,97755.9296875,0.3177129924297333,3472.553466796875,194.2081756591797
663.2794799804688,97224.7265625,0.32095101475715637,3337.222412109375,181.30145263671875
648.7047119140625,95104.9375,0.31219199299812317,3277.53515625,180.16891479492188
693.000732421875,94686.2421875,0.3242189884185791,3415.785400390625,189.75369262695312
696.7411499023438,98676.09375,0.3369239866733551,3492.0498046875,196.98902893066406
702.3269653320312,99299.1953125,0.33431899547576904,3493.2353515625,197.4790802001953
688.360107421875,95795.515625,0.31225600838661194,3331.225830078125,188.21810913085938
690.4293823242188,94164.859375,0.31103599071502686,3328.9169921875,183.82847595214844
720.9590454101562,95163.9296875,0.32391899824142456,3397.90234375,195.01353454589844
693.7545166015625,93530.2265625,0.31431999802589417,3349.513427734375,189.7442626953125
704.1463012695312,92643.2109375,0.31351399421691895,3356.392578125,191.02804565429688
700.9868774414062,93429.203125,0.31568101048469543,3332.53173828125,189.2644805908203
706.512939453125,94419.7578125,0.32430601119995117,3353.504150390625,193.8737335205078
705.6785888671875,96886.875,0.3386099934577942,3451.392578125,207.7670440673828
713.6435546875,98107.4296875,0.3792789876461029,3605.009765625,217.74732971191406
713.8411865234375,98236.2265625,0.39474600553512573,3657.706787109375,216.6229248046875
709.25830078125,98314.9609375,0.3825629949569702,3634.103759765625,213.3936309814453
729.4000854492188,102078.0859375,0.38795700669288635,3688.611328125,218.72312927246094
697.368896484375,96922.703125,0.34843701124191284,3381.577392578125,202.23025512695312
695.837158203125,95043.5234375,0.34224799275398254,3326.329345703125,197.55905151367188
685.1207275390625,92484.0390625,0.3209120035171509,3219.4306640625,185.02528381347656
693.6244506835938,94701.453125,0.3339810073375702,3267.489990234375,187.5791778564453
696.6578369140625,94566.59375,0.34095498919487,3282.2177734375,187.99551391601562
693.0482788085938,94488.4375,0.33595898747444153,3265.951171875,188.5603790283203
688.2675170898438,94516.5234375,0.3382990062236786,3135.499755859375,182.83535766601562
698.6196899414062,96534.046875,0.3561199903488159,3223.6845703125,187.49859619140625
714.0284423828125,100504.4921875,0.3857100009918213,3450.53759765625,205.91134643554688
708.2980346679688,99756.90625,0.3767479956150055,3308.34521484375,211.22784423828125
721.75048828125,104462.0390625,0.41593900322914124,3474.107177734375,219.62161254882812
709.4249877929688,104408.0703125,0.39608100056648254,3305.78955078125,261.8697509765625
682.2039794921875,101089.609375,0.35775700211524963,3208.96435546875,250.58636474609375
681.8033447265625,102016.6640625,0.3546079993247986,3278.035400390625,242.25022888183594
691.8165893554688,106146.265625,0.3715769946575165,3327.40625,250.41378784179688
694.9832153320312,103653.0703125,0.3630560040473938,3240.224609375,257.23736572265625
690.2037353515625,103960.171875,0.3523530066013336,3334.714111328125,253.4552001953125
680.2131958007812,104819.484375,0.350739985704422,3309.554931640625,253.36122131347656
686.2684936523438,104714.6484375,0.3537760078907013,3317.26953125,256.0735778808594
666.7637939453125,102682.5,0.336326003074646,3236.13427734375,240.88345336914062
679.7933349609375,102087.6875,0.33382201194763184,3178.92041015625,235.07444763183594
661.424560546875,101332.4765625,0.31907400488853455,3077.112548828125,227.20396423339844
667.6857299804688,103703.2109375,0.32386401295661926,3112.9990234375,227.94493103027344
677.5535888671875,104735.3046875,0.331508994102478,3247.780029296875,239.0231475830078
677.3753662109375,102405.0234375,0.32872799038887024,3298.26513671875,231.63790893554688
653.4329223632812,100655.90625,0.30835700035095215,3118.32861328125,213.78501892089844
617.6006469726562,97688.9765625,0.26750901341438293,2868.69287109375,203.11962890625
617.1207885742188,101405.421875,0.28500398993492126,2884.566650390625,216.1495819091797
573.3278198242188,97871.8203125,0.26414400339126587,2735.05126953125,207.09197998046875
569.7468872070312,96615.4453125,0.25623300671577454,2787.779052734375,195.98814392089844
572.2740478515625,96593.296875,0.24808399379253387,2688.40087890625,189.77249145507812
578.0668334960938,96529.0859375,0.24661299586296082,2622.211181640625,192.20465087890625
613.32421875,96482.453125,0.25326600670814514,2632.308349609375,199.5998992919922
616.64208984375,96500.09375,0.24929000437259674,2628.72119140625,200.49755859375
618.3145141601562,97437.5546875,0.25525999069213867,2661.166748046875,200.35635375976562
642.5872802734375,95747.4296875,0.2531220018863678,2602.781982421875,197.98236083984375
698.037353515625,97885.859375,0.26412200927734375,2736.902099609375,196.7738037109375
668.2775268554688,96623.8671875,0.26249200105667114,2675.902587890625,194.46095275878906
658.0436401367188,97508.96875,0.271928995847702,2726.091552734375,199.9356689453125
662.3276977539062,97580.3515625,0.27172398567199707,2693.559814453125,194.48208618164062
684.563720703125,97031.859375,0.26811477541923523,2698.658447265625,190.2906494140625
