Title,Post Text,Author,Date,Upvotes,Subreddit
Moon Week 58 Results,"As you may have seen, [there was a bug with Snapshot](https://old.reddit.com/r/CryptoCurrency/comments/1ihyra3/ccip108_community_picks/mb164nd/) this past week (that has now been resolved). This caused Nova balances to not be reflected in the vote. Now that the vote has concluded, I manually added that voting weight back in and tallied the results, which can be found here: [https://docs.google.com/spreadsheets/d/19tcwWQTKGWfyUmrNkcSWI0K-xilO1G5yBdEo8\_dl7BQ/edit?usp=sharing](https://docs.google.com/spreadsheets/d/19tcwWQTKGWfyUmrNkcSWI0K-xilO1G5yBdEo8_dl7BQ/edit?usp=sharing)

  
Both poll passed with over 99% of the vote.

* [CCIP-108 - Community Picks](https://snapshot.box/#/s:cryptomods.eth/proposal/0x388e7c395821dc01721a83d473c49bb048e88fe4f387c4d592c3de88b0318b76) - [(Discussion Link)](https://www.reddit.com/r/CryptoCurrency/comments/1ihyra3/ccip108_community_picks/)

* [CCIP-109 - Modify Banner Pricing with Discount](https://snapshot.box/#/s:cryptomods.eth/proposal/0x5b7593e4086834e2134c1be61a5ee872aa5c3a39a346d66cc16d7e992602c2b1) - [(Discussion Link)](https://www.reddit.com/r/CryptoCurrency/comments/1ihyrom/ccip109_modify_banner_pricing_with_discount/)",CryptoMaximalist,2025-02-15 01:55:57,8,CryptoCurrency
"Daily Crypto Discussion - February 16, 2025 (GMT+0)","**Welcome to the Daily Crypto Discussion thread. Please read the disclaimer and rules before participating.**
 
***
&nbsp;
    
###Disclaimer:

Consider all information posted here with several liberal heaps of salt, and always cross check any information you may read on this thread with known sources. Any trade information posted in this open thread may be highly misleading, and could be an attempt to manipulate new readers by known ""pump and dump (PnD) groups"" for their own profit. BEWARE of such practices and exercise utmost caution before acting on any trade tip mentioned here. 


**Please be careful about what information you share and the actions you take.** Do not share the amounts of your portfolios (why not just share percentage?). Do not share your private keys or wallet seed. Use strong, non-SMS 2FA if possible. Beware of scammers and be smart. Do not invest more than you can afford to lose, and do not fall for pyramid schemes, promises of unrealistic returns (get-rich-quick schemes), and other common scams.
    
***
&nbsp;
    
###Rules:

  - All [sub rules](https://www.reddit.com/r/CryptoCurrency/about/rules/) apply in this thread. The prior exemption for karma and age requirements is no longer in effect. 
  - Discussion topics must be related to cryptocurrency.
  - Behave with civility and politeness. Do not use offensive, racist or homophobic language.
  - Comments will be sorted by newest first.
  
***
&nbsp;

###Useful Links:

  - [**Beginner Resources**](https://www.reddit.com/r/CryptoCurrency/wiki/beginner_resources)

  - [**Intro to r/Cryptocurrency MOONs 🌔**](https://www.reddit.com/r/CryptoCurrency/comments/gj96lb/introducing_rcryptocurrency_moons/)

  - [**MOONs Wiki Page**](https://www.reddit.com/r/CryptoCurrency/wiki/moons_wiki/)

  - [**r/CryptoCurrency Discord**](https://www.reddit.com/r/CryptoCurrency/comments/kth255/join_the_crypto_currency_discord/)

  - [**r/CryptoCurrencyMemes**](https://www.reddit.com/r/cryptocurrencymemes)

  - [**Prior Daily Discussions**](https://www.reddit.com/r/CryptoCurrency/search?q=title%3A%22Daily+Crypto+Discussion+-+%22+&restrict_sr=on&sort=new&t=all) - (Link fixed.)

  - [**r/CryptoCurrencyMeta**](https://www.reddit.com/r/CryptoCurrencyMeta/) - Join in on all meta discussions regarding r/CryptoCurrency whether it be moon distributions or governance.

***
&nbsp;

### Finding Other Discussion Threads

Follow a mod account below to be notified in your home feed when the latest r/CC discussion thread of your interest is posted.

* u/CryptoDaily- — Posts the Daily Crypto Discussion threads. 

* u/CryptoSkeptics — Posts the Monthly Skeptics Discussion threads.
 
* u/CryptoOptimists- — Posts the Monthly Optimists Discussion threads.

* u/CryptoNewsUpdates — Posts the Monthly News Summary threads.",CryptoDaily-,2025-02-16 00:00:58,14,CryptoCurrency
Argentina's president Javier Milei to be impeached for crypto rug pull,,BigRon1977,2025-02-16 03:39:45,999,CryptoCurrency
Me In 2009 Instead of Buying Bitcoin (BTC),,kirtash93,2025-02-15 15:13:54,15048,CryptoCurrency
How did Argentina’s president Javier Milei pull off the largest crypto rug pull in history?,,hiorea,2025-02-15 23:42:41,343,CryptoCurrency
"""Looking at the chart you can see Bitcoin if forming the historical inverted tree house pattern""",,InclineDumbbellPress,2025-02-15 21:40:08,205,CryptoCurrency
Javier Milei-endorsed Libra token crashes after $107M insider rug pull,,KIG45,2025-02-15 11:54:29,956,CryptoCurrency
"Goldman Sachs Doubles Down on Bitcoin ETFs, Increases Holdings by 120% in Q4",,CriticalCobraz,2025-02-15 19:45:09,142,CryptoCurrency
"Argentina's president withdraws support for LIBRA token, admits to skipping due diligence",,WhichRadio6124,2025-02-16 00:36:47,60,CryptoCurrency
Top US Supreme Court lawyer detained after secret $6M crypto moves,,KIG45,2025-02-15 15:53:08,281,CryptoCurrency
Cryptocurrency Market Sees $184 Million in Liquidations Over 24 Hours,,hiorea,2025-02-15 17:04:57,158,CryptoCurrency
Degen gets F**ked on Valentine's Day. Loses $3.3M in two hours to a shitcoin launched by Argentina's president Javier Milei.,,GabeSter,2025-02-15 02:35:44,1898,CryptoCurrency
"I bought $1k of the Top 10 Cryptos on January 1st, 2025 (JAN Update/Month 1/+7%)","https://preview.redd.it/pvgyng3g0bje1.png?width=666&format=png&auto=webp&s=9496c9cc0c416158f4141173e04a0ea2303ba713

***Find the full blog post with all the tables and graphs*** [here](https://toptencryptoindexfund.com/tracking-2025-top-10-cryptocurrencies-month-1/)***.***

Welcome to your monthly no-shill data dump: Here's the report for the FIRST month of the 2025 Top Ten Experiment featuring **BTC, ETH, XRP, BNB, SOL, DOGE, USDC, ADA, Tron,** and **AVAX.**

**SNAPSHOTS ALWAYS TAKEN ON FIRST OF THE MONTH (data below reflects 1 FEB Snapshot).**

**tl;dr**

* **What's this all about?** I purchased $100 of each of Top 10 Cryptos in Jan. 2018, haven't sold or traded, reporting monthly for 7 years for your reading pleasure. Did the same annually in 2019 - 2025. ***Learn more about the history and rules of the Experiments*** ***(including why in the world I would include stablecoins)*** [here](https://toptencryptoindexfund.com/about/)***.***
* **JAN Highlights:** Mixed month, but overall up.  **XRP** nabs the monthly lead followed by **SOL**.
* DCA'ing once a year into Top Ten Cryptos for the last 7 years has produced better returns than if you'd done the same with the S&P 500 over the same time period (+323% vs S&P500's +766% - see below for details).

# Month One – Up +7%

https://preview.redd.it/trx8sjru1bje1.png?width=984&format=png&auto=webp&s=bcfb2b9a3a84d8b1c7bb96218ff95a1873cf86e5

The 2025 Top Ten Crypto Index Fund Portfolio is **BTC, ETH, XRP, BNB, SOL, DOGE, USDC, ADA, Tron, AVAX.**

January highlights for the 2025 Top Ten Portfolio:

* **XRP** and **SOL** lead the way
* Mixed month, but gains outpace losses 

# January Ranking

Here’s a look at the movement in the ranks one month into the 2025 Top Ten Index Fund Experiment:

https://preview.redd.it/bzr1catv1bje1.png?width=259&format=png&auto=webp&s=3634081a2542903b9d2017dd280b0afdae59a6e9

# January Winners and Losers

***January Winners*** – **XRP** (+38%) easily took the monthly victory followed by **SOL** (+20%)

***January Losers*** – **AVAX** (-5%) and **BNB** (-4%) underperformed their peers this month.

# Overall Update: A mixed but mostly green start to the year

In contrast to [January 2024](https://toptencryptoindexfund.com/tracking-2024-top-10-cryptocurrencies-month-1), this year is off to a fairly good start (the 2024 Top Ten portfolio was down -14% after one month).

**XRP** is out to an early lead (up +38% in January) followed by **SOL**, +20% so far in 2025.  The initial $100 invested in first place **XRP** thirty days ago is worth $138 today.

# Overall return on $1,000 investment since January 1st, 2025:

https://preview.redd.it/j7r49y1x1bje1.png?width=330&format=png&auto=webp&s=8e235240c03d3433c599294395b266c37ff73941

The portfolio gained $66 (+7%) in January so the initial $1000 investment on New Year’s Day 2025 is now worth **$1,066.**

Here’s a visual summary of year one of the 2025 Top Ten portfolio:

https://preview.redd.it/2zfokz2y1bje1.png?width=199&format=png&auto=webp&s=8c0f771de7fe0a7330b7c8734bb4a5ba09aec9c7

# 2025 Top Ten Portfolio vs. Coinbase’s COIN50

The first Top Ten Crypto Experiment was started on 1 January 2018 in an attempt to ***capture the gains of the entire market***. Much has changed over the last seven years, including the introduction of index products designed to capture the entire crypto market (instead of manually buying coins and tokens [like I do for my Experiments](https://toptencryptoindexfund.com/announcing-top-10-2025)).

This year’s friendly competition is between The 2025 Top Ten Portfolio and the Coinbase 50 Index **(COIN50)**.  **COIN50** tracks the performance of the 50 largest digital assets by market cap, rebalanced quarterly.

On 1 January 2025, **COIN50** was valued at $450.54.  Here’s the snapshot, one month later: 

https://preview.redd.it/cai0brxy1bje1.png?width=227&format=png&auto=webp&s=527600a5a248fa851922b1157ea4c25fce7e9d3a

**January Performances:**

* **The 2025 Top Ten Portfolio**: +7% 
* **COIN50**: +3%

The January monthly victory goes to: **The Top Ten Portfolio**

For the more visual, here’s the table I’ll be using to track the friendly Top Ten vs. **COIN50** competition this year:

https://preview.redd.it/9q830vvz1bje1.png?width=826&format=png&auto=webp&s=de397f412f75383d8a51776f8da4474de69bb9ad

# Combining the 2018 – 2025 Top Ten Crypto Portfolios 

The 2025 Top Ten is one of eight concurrent experimental portfolios.  So, where do we stand if we combine eight years of the Top Ten Crypto Index Fund Experiments?

* [2018 Top Ten Experiment](https://toptencryptoindexfund.com/tracking-2018-top-10-cryptocurrencies-month-85): up +73% (total value $1,725)
* [2019 Top Ten Experiment](https://toptencryptoindexfund.com/tracking-2019-top-10-cryptocurrencies-month-67): up +761% (total value $8,612)
* [2020 Top Ten Experiment](https://toptencryptoindexfund.com/tracking-2020-top-10-cryptocurrencies-month-56): up +1010% (total value $11,098) (***best performing portfolio****)*
* [2021 Top Ten Experiment](https://toptencryptoindexfund.com/tracking-2021-top-10-cryptocurrencies-month-45): up +391% (total value $4,911)
* [2022 Top Ten Experiment](https://toptencryptoindexfund.com/tracking-2022-top-10-cryptocurrencies-month-34): up +5% (total value $1046) (***worst performing portfolio****)*
* [2023 Top Ten Experiment](https://toptencryptoindexfund.com/tracking-2023-top-10-cryptocurrencies-month-23): up +240% (total value $3,399)
* [2024 Top Ten Experiment](https://toptencryptoindexfund.com/tracking-2024-top-10-cryptocurrencies-month-12): up +100% (total value $1,998)
* [2025 Top Ten Experiment](https://toptencryptoindexfund.com/tracking-2025-top-10-cryptocurrencies-month-1): up +7% (total value $1,066)

Taking the eight portfolios together:

**After a $8,000 total investment in the 2018 – 2025 Top Ten Cryptocurrencies,** the combined portfolios are worth **$33,855**

https://preview.redd.it/s8v0vci12bje1.png?width=541&format=png&auto=webp&s=dcf7abe1e229b0ac861308ffbb4d021049b16acc

**That’s up +323%** on the combined portfolio. The peak for the combined Top Ten Index Fund Experiment Portfolios was [**November 2021’s all time high**](https://toptencryptoindexfund.com/tracking-2021-top-10-cryptocurrencies-month-11/) of **+533%**.  

Here’s the combined monthly ROI since I started tracking the metric in January 2020:

https://preview.redd.it/hbnt3pe22bje1.png?width=1074&format=png&auto=webp&s=398ca9d18c0995634af7a64b2d7b23b71313f9a5

In summary: ***That’s a +323% gain by investing $1k on whichever cryptos happened to be in the Top Ten on January 1st (including stablecoins) for eight straight years***.

# Comparison to S&P 500

I’m also tracking the S&P 500 as part of my Experiment to have a comparison point to traditional markets.

The S&P 500 is up +3% so far in 2025, so the initial $1k investment into crypto on New Year’s Day would be worth $1,027 had it been redirected to the S&P.

Taking the same invest-$1,000-on-January-1st-of-each-year approach with the S&P 500 that I’ve been documenting through the Top Ten Crypto Experiments, the yields are the following:

* $1000 investment in S&P 500 on January 1st, 2018 = $2,260 today
* $1000 investment in S&P 500 on January 1st, 2019 = $2,411 today
* $1000 investment in S&P 500 on January 1st, 2020 = $1,870 today
* $1000 investment in S&P 500 on January 1st, 2021 = $1,608 today
* $1000 investment in S&P 500 on January 1st, 2022 = $1,268 today
* $1000 investment in S&P 500 on January 1st, 2023 = $1,574 today
* $1000 investment in S&P 500 on January 1st, 2024 = $1,266 today
* $1000 investment in S&P 500 on January 1st, 2025 = $1,027 today

Taken together, the results for a similar approach with the S&P: 

**After eight $1,000 annual investments on January 1st into an S&P 500 index fund from 2018 to 2025 my portfolio would be worth $13,284.**

That is up **+66%** [since January 2018](https://toptencryptoindexfund.com/tracking-2018-top-ten-month-one/) compared to a **+323%** gain of the combined Top Ten Crypto Experiment Portfolios.  

The visual below shows a comparison on ROI between a Top Ten Crypto approach and the S&P as per the rules of the Top Ten Experiments:  

https://preview.redd.it/413iyng32bje1.png?width=1156&format=png&auto=webp&s=ecf84d31cb1e54b35f382ea779cfc009c59476f0

# Conclusion:

Not a bad start to the year for crypto, we’ll see what 2025 holds for the Top Ten Portfolio.   

To the long time followers of the Top Ten Experiments, thank you for sticking around so long. For those just getting into crypto, I hope these reports will help prepare you for the highs and lows that await on your crypto adventures.  Buckle up, go with the flow, think long term, and truly don’t invest what you can’t afford to lose.  Most importantly, try to enjoy the ride. 

A reporting note: I’ll focus on [2025 Top Ten Portfolio reports](https://toptencryptoindexfund.com/tracking-2025-top-10-cryptocurrencies-month-1) \+ one other portfolio on a rotating basis this year, so expect two reports per month.  January’s extended report is on the [OG 2018 Top Ten](https://toptencryptoindexfund.com/tracking-2018-top-10-cryptocurrencies-month-85). For more data, you can check out the latest [2019 Top Ten](https://toptencryptoindexfund.com/tracking-2019-top-10-cryptocurrencies-month-67), [2020 Top Ten](https://toptencryptoindexfund.com/tracking-2020-top-10-cryptocurrencies-month-56), [2021 Top Ten](https://toptencryptoindexfund.com/tracking-2021-top-10-cryptocurrencies-month-45), [2022 Top Ten](https://toptencryptoindexfund.com/tracking-2022-top-10-cryptocurrencies-month-34), [2023 Top Ten](https://toptencryptoindexfund.com/tracking-2023-top-10-cryptocurrencies-month-23), and [2024 Top Ten](https://toptencryptoindexfund.com/tracking-2024-top-10-cryptocurrencies-month-12) reports as well.",Joe-M-4,2025-02-15 13:31:40,224,CryptoCurrency
SEC Signals That It Will Drop Lawsuit Against Coinbase,,sadiq_238,2025-02-15 12:42:50,196,CryptoCurrency
The fact we have continual focus on price and such shows 99% only care about a profit. Is that true for everyone?,"I feel nearly every single article or post here and on ‘news’ sites just has a focus on breakouts, price charts and such. There’s very ever little focus on the technology (perhaps with Musk’s actions lately that’s swayed a little), but arguably 99% of the interest in Cryptocurrency is purely about making money.

It’s become the same as a stock or share in its focus and reporting. I’m not saying that’s a bad thing really - it’s why many coins have the value they have today. And why we see big companies pump and dump.

Is actually holding or buying because they think the technology is great or say Bitcoin will become a major currency or is it everybody is just here to make money and hope it takes off more?",setokaiba22,2025-02-15 22:18:43,30,CryptoCurrency
The eternal pain,,CragBawz,2025-02-15 01:58:46,1403,CryptoCurrency
Saylor and Bukele Discuss How El Salvador Can Accelerate Global Bitcoin Adoption,,Every_Hunt_160,2025-02-16 06:25:05,6,CryptoCurrency
Hawk Tuah girl's boyfriend 'wants money back' after memecoin fallout,,Odd-Radio-8500,2025-02-14 21:44:21,2886,CryptoCurrency
"Banking Giant Barclays Owns $136,834,631 Worth of BlackRock’s Bitcoin Exchange-Traded Fund",,kirtash93,2025-02-15 18:48:44,47,CryptoCurrency
Explanation of the $LIBRA scam carried out by the Argentine president Javier Milei.,,EntertainmentOk8593,2025-02-15 06:59:31,313,CryptoCurrency
Bitcoin’s Late Longs Liquidated: Is a Breakout Finally on the Horizon?,,Afonsoo99,2025-02-15 16:55:21,44,CryptoCurrency
Abu Dhabi’s Sovereign Fund Invests $436 Million in BlackRock’s Bitcoin ETF,,Illperformance6969,2025-02-15 17:56:55,31,CryptoCurrency
Indian authorities seize $189M in Bitconnect investment scam | Cryptopolitan,,partymsl,2025-02-15 21:52:57,16,CryptoCurrency
Is Crypto Nullifying Safe Gambling?,"Every day, as part of my career in the crypto casino space, I see more and more no-KYC casinos popping up. At first, it’s easy to see the appeal obviously, instant sign ups, total anonymity, no verification waiting times. Just deposit your crypto and start playing. But the more I think about it, the more I wonder: is this actually a good thing?

These casinos, despite being licensed in various jurisdictions, don’t ask for ID, proof of age, or any personal details. That means literally anyone with crypto can deposit, gamble, and withdraw their winnings with zero true oversight. That includes minors, problem gamblers, and even people looking to use these platforms for malicious reasons. And yet, people celebrate this as a feature, not a flaw or at least something we should keep an eye on, if not even intervene somehow. 

I get the privacy argument. Nobody wants to hand over sensitive personal data to a company they barely trust. We’ve all heard horror stories of leaked databases, identity theft, and government overreach. And let’s be real, traditional online casinos are a bureaucratic nightmare when it comes to withdrawals. Not just from a KYC POV but also from a payout time POV. KYC delays, frozen accounts, endless document requests—it’s frustrating. So, I completely understand why people want no-KYC casinos and it’s only crypto that seems to be able to offer that right now. 

But here’s where it gets dark for me at least:

Underage gambling – A 15-year-old with access to Bitcoin or USDT can gamble with ease. No ID, no questions asked.

Problem gambling – Without KYC, there are no self-exclusion programs, no deposit limits, no real way to intervene if someone is spiraling into addiction.

Financial crime risks – Crypto already has a reputation for being used in money laundering. No-KYC casinos make it even easier to move funds under the radar.

So, where do we draw the line? Should privacy take full priority, even if it means opening the doors to these risks? Or should the industry find a middle ground such as maybe allowing small transactions without KYC but requiring verification for larger amounts? Some casinos are already exploring this hybrid approach. Is that the best way forward for the industry? Keep both parties equally only half-happy?

I’m really curious about what others think. Are no-KYC casinos a step toward financial freedom, in the sense of giving you control of your identity— even when  it comes to A CASINO, or are they a ticking time bomb for responsible gambling?",Howdoibuycrypto,2025-02-16 03:33:51,4,CryptoCurrency
"Over 600K new tokens launched in January, sparking liquidity fears",,sadiq_238,2025-02-15 12:41:53,55,CryptoCurrency
Paycheck to Crypto supported paltform,"Hi All,

I am from the US, and I used to use Coinbase's paycheck feature where a part of my paycheck that gets deposited into coinbase was used to automatically but set crypto at no additional fees.

Now, this feature is removed by coinbase, and I am looking for a platform with this similar feature.
The advantage of this feature was I didn't had to move money when I received the paycheck (and there weren't any explicit fees).

Do you have any suggestions on any platforms available in US that currently supports this feature?",LazyBedsheet,2025-02-16 02:19:37,2,CryptoCurrency
What Big Companies Are Building on Ethereum,,MinimalGravitas,2025-02-15 16:03:13,15,CryptoCurrency
"Standard Chartered sees Bitcoin rebounding this weekend, bucking recent trend",,goldyluckinblokchain,2025-02-15 23:47:49,5,CryptoCurrency
"XRP Ripple SONG! ""AVE IT"" Martyn Lucas","Specially for the beloved XRP Army ! 
",Top_Philosopher3915,2025-02-16 06:53:39,1,CryptoCurrency
question regarding on how to determine position size,"i created this example to help me with this formula i found in the book called ""The crypto trader"" by **Glen Goodman** and idk if i got it right i spent like an hour or so trying to figure it out sicne it was so confusing so if u guys can tell me if i understood the formula right that would be really nice heres the formula :

  
total budget : $100 000



price of the crypto ATM : $0.91



ATR on 30 days : $0.129



price i bought at : $0.91



price of my stop loss : 0.714





so to my determine position size i should determine the difference between the price i bought at versus the stop loss (support line)



0.91 - 0.714 = 0.196

price bought at - stop loss = the money risked per coin 



since i only want to risk 1% or less of my total capital i multiply by 5000 the money risked per coin to make it to $980 (wich is 0.98% of 100 000)

0.196 x 5000 = 980



now that i know that i want 5000 coin lets multiply the ATR by 5000 so it matches the the equation we did before 

0.129 x 5000 = 645





now with those position i can say that i have 1.51 ATR (wich means if the crypto goes 1 and a half days downward at a rate of 0.129 per coin (or by $645 since i bought 5000 coin) the stop order will be trigered

",BadBLUNT,2025-02-16 02:48:48,2,CryptoCurrency
Tipping system like Ko-fi or Buy Me a Coffee but with crypto ?,"Hi

I'm looking for a way to accept small tips and donations from users in my community  
I will probably make a Ko-fi or Buy Me a Coffee account, but those services only accept fiat money via stripe, cashapp, paypal... and I know some people don't like to use those and would prefer sending a tip in crypto (well known crypto that are easy to deal with and widely accepted, so bitcoin ethereum and monero)

So I've looked online for a tipping platform like those 2 but with crypto, but I can't find anything useful, not even a reddit post talking about the idea, which I find really weird

The ONLY thing I've found is this website called ""cwallet"", but it seem fishy as hell, the website itself look like something big and professional, but except the website itself, there is absolutely no info about it online, no one talking about it on reddit or any other forums

So I'm asking all of you here, is there such a thing as a platform where you can receive tips in crypto that redirect them to your wallet ?

Please it have to be something SIMPLE like Ko-fi or Buy Me a Coffee

I know I could simply give my wallet address directly or a QR code and tell people to donate there, BUT I want to offer small compensation for the tips like special roles and customisation on discord, so I need the person tipping to be able to send a small message with their username with the tip

I also know that ultimately I could make a webage with a crypto paiement tool, something where you select the amount you want to give, it generate a QR code for the right amount to my wallet, it allow people to enter a small message that I would receive by mail or something, and the system check the blockchain to see if the paiement is real and once it's confirmed it send the mail with the confirmation + the user's message...  
But this is faaaar beyond what I can do...

Thanks for your help :)",Nayko93,2025-02-15 16:54:53,13,CryptoCurrency
Wen others Romance but you've resistance levels,,Odd-Radio-8500,2025-02-15 03:07:05,151,CryptoCurrency
The Path To AGI And What It Means For Crypto,,renkure,2025-02-16 02:00:27,0,CryptoCurrency
COLD WALLET - Official Trailer | In Theaters & On Digital February 28,,mkuraja,2025-02-16 01:45:41,0,CryptoCurrency
Coinbase CEO predicts 10% of global GDP to be on crypto rails by 2030,,CriticalCobraz,2025-02-14 16:37:15,397,CryptoCurrency
Abu Dhabi sovereign wealth fund steps into Bitcoin with a $436M ETF investment,,kirtash93,2025-02-14 18:42:21,255,CryptoCurrency
"Aston Martin Aramco announces partnership with Coinbase, paid entirely in cryptocurrency",,Next_Statement6145,2025-02-14 20:35:47,132,CryptoCurrency
Michigan Joins Growing List of States Moving Toward Crypto Reserves,,diwalost,2025-02-15 02:54:26,40,CryptoCurrency
Wisconsin doubles down on BlackRock's Bitcoin ETF with $321 million investment,,KIG45,2025-02-14 19:11:26,149,CryptoCurrency
EigenLayer AVS Showdown: Join the Fun,"Who else loves the EigenLayer Ecosystem Showdowns? It’s super fun and competitive! Projects in the EigenLayer ecosystem go head-to-head in a tournament-style battle until a winner emerges. Voting happens on the Base Network, and every voter earns EIGEN tokens.

The main goal of the showdown is to highlight technical innovation, community spirit, and overall ecosystem growth within EigenLayer. Right now, the tournament has reached the semi-finals, with the surviving projects listed below.

I’m especially rooting for Cartesi to take it all the way, and you should too! It has the strongest value proposition among all projects on EigenLayer. Plus, here’s a bonus—an additional $5K in CTSI will be distributed among all Cartesi voters *if* it wins the tournament.

[Here](https://jokerace.io/contest/base/0x78140f7bec98497644cec2b4f6722ec8da9eb032)’s the voting link for anyone looking to join the fun on EigenLayer! 

https://preview.redd.it/7he7v2wmnaje1.jpg?width=1280&format=pjpg&auto=webp&s=47267c9b071c995f54063693c4c2e43c9f8b5f84

",moonlighttzz,2025-02-15 12:24:47,6,CryptoCurrency
Wall Street Taking Over Crytpo,,renkure,2025-02-15 00:54:22,48,CryptoCurrency
ADA can now be traded on Solana trough Wanchain’s cross-chain bridge,,CriticalCobraz,2025-02-14 22:18:30,60,CryptoCurrency
"President Trump's Crypto Czar David Sackfs says ""some important announcements"" on digital assets are ""coming soon.""",,diwalost,2025-02-15 05:53:52,13,CryptoCurrency
Bitcoin Titans Unite: President Bukele and Michael Saylor Discuss BTC at El Salvador’s Presidential Residence,,InclineDumbbellPress,2025-02-14 13:08:18,285,CryptoCurrency
"Wisconsin, Abu Dhabi disclose hundreds of millions in Bitcoin ETFs",,Flygate,2025-02-14 22:18:54,49,CryptoCurrency
"‘Operation Level-Up’: FBI Says Agency Initiative Has Helped 4,300 Victims Save $285,000,000 From Crypto Schemes - The Daily Hodl",,Illperformance6969,2025-02-14 22:13:06,39,CryptoCurrency
Barclays discloses $131 million investment in BlackRock's Bitcoin ETF,,WhichRadio6124,2025-02-14 23:16:41,27,CryptoCurrency
"Daily Crypto Discussion - February 15, 2025 (GMT+0)","**Welcome to the Daily Crypto Discussion thread. Please read the disclaimer and rules before participating.**
 
***
&nbsp;
    
###Disclaimer:

Consider all information posted here with several liberal heaps of salt, and always cross check any information you may read on this thread with known sources. Any trade information posted in this open thread may be highly misleading, and could be an attempt to manipulate new readers by known ""pump and dump (PnD) groups"" for their own profit. BEWARE of such practices and exercise utmost caution before acting on any trade tip mentioned here. 


**Please be careful about what information you share and the actions you take.** Do not share the amounts of your portfolios (why not just share percentage?). Do not share your private keys or wallet seed. Use strong, non-SMS 2FA if possible. Beware of scammers and be smart. Do not invest more than you can afford to lose, and do not fall for pyramid schemes, promises of unrealistic returns (get-rich-quick schemes), and other common scams.
    
***
&nbsp;
    
###Rules:

  - All [sub rules](https://www.reddit.com/r/CryptoCurrency/about/rules/) apply in this thread. The prior exemption for karma and age requirements is no longer in effect. 
  - Discussion topics must be related to cryptocurrency.
  - Behave with civility and politeness. Do not use offensive, racist or homophobic language.
  - Comments will be sorted by newest first.
  
***
&nbsp;

###Useful Links:

  - [**Beginner Resources**](https://www.reddit.com/r/CryptoCurrency/wiki/beginner_resources)

  - [**Intro to r/Cryptocurrency MOONs 🌔**](https://www.reddit.com/r/CryptoCurrency/comments/gj96lb/introducing_rcryptocurrency_moons/)

  - [**MOONs Wiki Page**](https://www.reddit.com/r/CryptoCurrency/wiki/moons_wiki/)

  - [**r/CryptoCurrency Discord**](https://www.reddit.com/r/CryptoCurrency/comments/kth255/join_the_crypto_currency_discord/)

  - [**r/CryptoCurrencyMemes**](https://www.reddit.com/r/cryptocurrencymemes)

  - [**Prior Daily Discussions**](https://www.reddit.com/r/CryptoCurrency/search?q=title%3A%22Daily+Crypto+Discussion+-+%22+&restrict_sr=on&sort=new&t=all) - (Link fixed.)

  - [**r/CryptoCurrencyMeta**](https://www.reddit.com/r/CryptoCurrencyMeta/) - Join in on all meta discussions regarding r/CryptoCurrency whether it be moon distributions or governance.

***
&nbsp;

### Finding Other Discussion Threads

Follow a mod account below to be notified in your home feed when the latest r/CC discussion thread of your interest is posted.

* u/CryptoDaily- — Posts the Daily Crypto Discussion threads. 

* u/CryptoSkeptics — Posts the Monthly Skeptics Discussion threads.
 
* u/CryptoOptimists- — Posts the Monthly Optimists Discussion threads.

* u/CryptoNewsUpdates — Posts the Monthly News Summary threads.",CryptoDaily-,2025-02-15 00:00:50,22,CryptoCurrency
The Changing Face of Crypto Security: Why Trust Matters More Than Ever,"The crypto space in 2024 has been rollercoaster. We have seen Bitcoin cross the $100,000 mark, a market wide bull run and even politicians like Donald Trump talking about creating a strategic Bitcoin reserve for the U.S. It finally feels like crypto is breaking into the mainstream in a way we have all been waiting for.   
  
But with all this growth, there's been a darker side too. According to Chainalysis, over $2.2 billion was lost to hackers in 2024 alone, a 21 percent jump from the previous year. Every week, it seems like there is another story about an exchange getting hacked or a project turning out to be a scam. It’s a harsh reminder that while crypto is evolving, so are the bad actors looking to take advantage of it.   
  
This is why picking the right exchange has never been more important. It’s easy to get caught up in hype, but when your money is on the line, security and trust should come first.   
  
What Forbes Crypto Exchange Rankings Tell Us   
  
Forbes recently put out a list of the 25 most trustworthy exchanges, ranking them based on regulation, transparency, security and financial strength. Some of the names on the list were predictable. Binance, Bitget, coinbase and Bitstamp all made the top 10. These are massive platforms with millions of users, so seeing them ranked highly isn’t surprising.   
  
I remember when I first started trading, I didn’t think too much about security. I just wanted to find an exchange that was easy to use and had the tokens I was interested in. But after seeing so many scams and hacks over the years, I have learned that where you trade is just as important as what you trade. Exchanges that prioritize security, proof of reserves and regulatory compliance are the ones that will last, and they are the ones worth paying attention to. ",Sad-Struggle7797,2025-02-15 09:57:26,2,CryptoCurrency
What are your recommendations for improving your skill as a trader?,"In your own opinion what would you say is  the next step for someone who has been practicing future trading via paper trading on trading view?

What I've noticed is that  with paper trading, there's a lot of confidence that I know what I'm doing, but I'm not sure it would be the same if I'm using real money. 

  
A good number of people have recommended just getting into it but starting very small, while others that use the same exchange that I use  have mentioned starting with the trading showdown there, and taking advantage of the rewards to even increase my capital,  as it provides a ""structured environment"" for me to test my strategies. 

There are people here that have even suggested that I stick to paper trading till I get enough confidence, although now that I'm writing this, I realize it might have ust be sarcasm.",minibuddy0,2025-02-15 15:33:12,1,CryptoCurrency
"Bitcoin ETFs maintain market lead as Ethereum ETFs see surge in institutional adoption, 13F filings show",,partymsl,2025-02-14 21:58:03,24,CryptoCurrency
Crypto,"Hey everyone been in crypto for like a couple years. To all new comers reading this, do not buy I repeat do not buy altcoins. You will get burned harder than a steak 🥩 over the camping fire. 🔥 Altcoins were made to take your money. Nothing else. They serve no real world purpose other than to suck you dry of your money. Other than LINK arguably. I went hard on utility tokens and got fu$&@/ without any lube. Meme tokens have taken all the liquidity and back in 2021 they were a lot less tokens. If you wanna play around in Crypto best advice you can find on here is DCA. There’s a lot of good info on here but also a lot of scammers and people shilling their bags. HODL is just a way for people to trick you so they can sell why you’re patiently waiting for a pump that never comes. I’ve lost my mental health to crypto I’ve lost my ability to think straight because of crypto. It has damaged my ability to be happy about my day to day. There’s no reason for money to leave Bitcoin and flow into some stupid coin that VCs can just dilute dilute and ya know what, dilute more. BTC is the only real value in the crypto community other than ETH. Or so they say but blackrock bought a shitton so do what you want with that info. If I sell at a loss I hope the altcoin season happens for all you patient SOBs… I’m not that patient and been waiting over a year for some what of a return and have watched my investments fall harder than Joe Biden. Things are getting rough in the world so people aren’t going to risk on speculative assets when BTC is so mainstream now. Don’t be a fool like me. Buy BTC or just find a different way to invest. ",Negative_Salt_4599,2025-02-16 00:53:00,0,CryptoCurrency
Bitcoin’s chance of hitting $125K by June rises as traders bid on upside: Derive,,Every_Hunt_160,2025-02-14 07:37:09,265,CryptoCurrency
When Your Doctor's Fee is a Meme! Welcome to MedCoin ($MED) 🚀💊,"Ever thought that paying your doctor could be as fun as scrolling through your favorite meme page? Well, say hello to MedCoin ($MED)! Built on the high-speed, low-fee Solana blockchain, $MED is here to revolutionize healthcare payments with a side of humor.

Imagine this: You’re at the doctor's, and instead of dealing with boring bills, you pay in a coin that’s as fast as your favorite meme’s viral spread and cheaper than your monthly coffee fix. No more waiting in endless queues or deciphering confusing charges—just instant, secure, and traceable payments that even your grandma would approve of (if she were into crypto, that is).

**Why MedCoin ($MED) Rocks:**

* **Lightning-Fast Transactions:** Thanks to Solana, your payment zooms faster than your doctor’s joke about healthy eating.
* **Low-Cost:** More savings for you and more fun for your wallet.
* **Decentralized Healthcare:** Empowering doctors and medical pros worldwide with transparent, community-driven payments.
* **Future-Ready:** Join the movement where humor meets high-tech, paving the way for a future where healthcare is both innovative and accessible.

So, next time you think about paying for that flu shot or routine check-up, remember: With MedCoin, you’re not just paying a fee, you’re joining a revolution in healthcare payments—where every transaction is as epic as the dankest meme.

Join the MedCoin movement now and let’s make healthcare payments hilarious, fast, and totally futuristic! 🚀💊😎

*Disclaimer: No actual doctors were meme-ed during the making of MedCoin. Always consult a professional for medical advice!*

[https://x.com/medcoinsolana](https://x.com/medcoinsolana)",learnai_1,2025-02-16 01:39:17,0,CryptoCurrency
Gemini with tradingview,"Anybody use Gemini to execute trades on TradingView? I’ve been scalping Solana on a paper account and love it, but it seems like nothing else is integrated with TradingView for crypto. Is it worth switching to Gemini for real trades? Currently, I use Kraken to execute trades on my phone alongside TradingView with real money, but I don’t like it much. The app feels weird and has some stuff i don’t like, plus my executions are slower because of it and I want to streamline the process. Would Gemini be a better fit for seamless trading?",jplemieux2,2025-02-15 08:33:39,3,CryptoCurrency
Trump May Swap Crypto Council For Summits – Insider Blames Ripple,,raulbloodwurth,2025-02-14 18:20:35,23,CryptoCurrency
Why Is XRP Going Up: SEC Acknowledges Grayscale’s XRP ETF Filing,,Afonsoo99,2025-02-14 11:12:02,87,CryptoCurrency
Why Vitalik Buterin’s ‘make communism great again’ quip triggered Ethereum investors,,GreedVault,2025-02-14 06:25:42,195,CryptoCurrency
West Virginia considers bill to add digital assets to its reserve fund and loan or stake them,,Next_Statement6145,2025-02-15 10:16:05,0,CryptoCurrency
"DPN3, the CluCoin and Goobers NFTs founder who gambled away investor funds, sentenced to 27 months in prison",,Every_Hunt_160,2025-02-15 10:12:38,1,CryptoCurrency
Ethereum Pectra Upgrade Confirmed for April 2025 with Fusaka Next in Line,,Afonsoo99,2025-02-14 13:41:25,45,CryptoCurrency
Bitcoin’s Bull Cycle: Analyst Says The Upside Isn’t Over Yet,,sadiq_238,2025-02-14 08:48:58,104,CryptoCurrency
Jerome Powell on crypto: 'Many of these activities can be done inside of banks',,sadiq_238,2025-02-14 08:48:28,102,CryptoCurrency
OpenSea NFT market to launch SEA token and new platform,,tupidataba,2025-02-15 02:05:20,5,CryptoCurrency
Wall Street CEOs arrive at Washington to fix crypto debanking at the Hill,,KIG45,2025-02-14 15:17:32,29,CryptoCurrency
Quant Netowork sees full integration in Oracle's blockchain platform,,snacksbuddy,2025-02-14 18:55:11,12,CryptoCurrency
Coinbase Revenue Surges to $2.3 Billion as Bitcoin Booms and Retail Returns,,goldyluckinblokchain,2025-02-13 21:45:04,607,CryptoCurrency
From Vitalik to you on V day. A fine read,,callmev269,2025-02-14 14:23:47,28,CryptoCurrency
This eth the gwei,,InclineDumbbellPress,2025-02-13 13:58:35,2387,CryptoCurrency
Barclays Exposes $100M in Bitcoin Investments!,,WineMakerBg,2025-02-14 11:04:58,45,CryptoCurrency
"Crypto Market Rebounds as Tariff Clarity Eases Investor Fears - ""The Defiant""",,partymsl,2025-02-14 21:59:55,7,CryptoCurrency
South Korea To Lift Crypto Trading Ban For Institutions,,Odd-Radio-8500,2025-02-14 03:00:15,191,CryptoCurrency
Solana bridges reach $10.1B all-time inbound volume,,Afonsoo99,2025-02-14 16:19:49,13,CryptoCurrency
State Street and Citi reportedly eyeing crypto custody services,,Every_Hunt_160,2025-02-15 05:09:26,2,CryptoCurrency
Tired of the same limitations on Ethereum? There's a “Movement” on the horizon!,"Are you a blockchain developer or enthusiast looking for something more? Are you frustrated by high fees, slowness and security issues in Ethereum?

You may have heard about Movement Labs, a team that is driving a new wave of innovation in Ethereum. They are building an entire ecosystem around Move, a secure and powerful programming language originally developed by Facebook for their Diem project.



What are they doing?

Creating a Layer 2 (Layer 2) for Ethereum that promises faster, cheaper and more secure transactions.

Developing rollups for specific use cases such as DeFi, gaming and NFTs, allowing applications to scale.

Building a decentralized sequencer for greater security and censorship resistance.

Offering developer tools such as the Movement SDK and Move Stack to make it easier to build applications with Move.



Why Move?

It is a secure language designed for smart contracts.

It simplifies the development of common blockchain tasks such as transferring ownership of assets.

Helps prevent common attacks in Solidity, such as reentrancy, overflows and underflows.

If you are looking for a change, this “Movement” could be the answer. ",NoahCJ,2025-02-15 14:50:15,0,CryptoCurrency
Binance’s Tigran Gambaryan Alleges Nigerian Lawmakers Demanded $150M Bribe,,writtey,2025-02-14 19:20:24,5,CryptoCurrency
Hong Kong based investment group Avenir reports $600m in IBIT exposure as of December 31st,,nanooverbtc,2025-02-14 14:22:33,15,CryptoCurrency
Solana Apps Generate 10x More Revenue Than Ethereum: Research,,Afonsoo99,2025-02-15 13:57:02,0,CryptoCurrency
Share Your Crypto Story and have a chance to win $25 in USDC!🎉,,Solanafluent,2025-02-15 12:44:19,0,CryptoCurrency
Bank of Montreal Has Been Quietly Buying Bitcoin ETFs – News Bytes Bitcoin News,,Abdeliq,2025-02-14 01:53:45,118,CryptoCurrency
"Hacker Offered 10% Bounty After Stealing Over $9,000,000 in Ethereum (ETH) From Lending Platform - The Daily Hodl",,Illperformance6969,2025-02-13 21:44:30,221,CryptoCurrency
"Anthony Scaramucci says USA is going to buy 500,000 Bitcoin soon 👀",[source](https://x.com/Vivek4real_/status/1890709632160612478?t=g_Nyr6SbSYgrNo1PlE_dkg&s=19),WineMakerBg,2025-02-15 13:09:47,0,CryptoCurrency
Goldman Sachs Is Quietly Betting Billions On Bitcoin And Ethereum Amid Price Swings,,KIG45,2025-02-13 14:51:04,714,CryptoCurrency
Approximately $2.2 billion worth of Solana (SOL) is set to be unlocked on March 1st. May the retail odds be ever in your favor.,"**Approximately $2.2 billion worth of Solana (SOL) is set to be unlocked on March 1st.**

To put this into perspective, this amount represents **a staggering 2.35% of Solana's current market cap**, ***highlighting the potential for significant market impact.***

This will be followed by an **additional unlock of 73,687 SOL (worth \~$14 million) on May 17, 2025**.

Furthermore, **ongoing monthly unlocks of 12,687.5 SOL (valued at \~$2.43 million) are scheduled to continue for years to come.**

**Could things get rocky for Solana as institutions holding large quantities of SOL, purchased at steep discounts gain access to these unlocked tokens?**

**Pic:** [**https://solana.messari.io/token-unlocks**](https://solana.messari.io/token-unlocks) 

https://preview.redd.it/p9z9f4aagxie1.png?width=850&format=png&auto=webp&s=018687e9fbe62c0fcbe3cecfd26afc15bf34e1bb",cascading_disruption,2025-02-13 15:45:02,488,CryptoCurrency
"FBI initiative saves thousands from crypto scams, recovers $285 million",,partymsl,2025-02-13 22:00:02,132,CryptoCurrency
Poor vs Rich vs Crypto Bro,,kirtash93,2025-02-13 06:29:25,2218,CryptoCurrency
"6 men kidnapped Chicago family, forcing $15M crypto transfer",,hiorea,2025-02-13 08:49:20,1318,CryptoCurrency
Crypto Fan Tokens Surge Following Tether’s Juventus FC Investment,,peleroberts,2025-02-14 17:41:05,3,CryptoCurrency
Barclays reports a new position of ~$131 million of IBIT,,nanooverbtc,2025-02-13 21:32:01,94,CryptoCurrency
Tether buys minority stake in Italian giant Juventus FC,,Shoddy_Trick7610,2025-02-14 16:07:34,2,CryptoCurrency
HashFlare Operators Plead Guilty in $577 Million Crypto Fraud Scheme,,writtey,2025-02-14 18:07:46,2,CryptoCurrency
"Bitcoin ETFs Post Three Consecutive Days of Outflows, Totaling Nearly $500M",,Illperformance6969,2025-02-14 08:51:21,11,CryptoCurrency
The 7 Truths Bitcoin Can Open Your Eyes to.,,sylsau,2025-02-15 06:28:50,0,CryptoCurrency
Pectra upgrade released on testnets; Mainnet launch expected for April!,,HEERO1sg,2025-02-14 08:36:18,10,CryptoCurrency
Bitcoin is the boomer generation of crypto currency,"Slow, stubborn, costs us tons of money just to exist.  No different than boomers.  Especially when younger coins start making moves in the market, Bitcoin is there to try and keep them down from rising up.  Bitcoin, a ""decentralized"" coin that's owned mainly by institutions 🤣 at least other coins don't harp too much on decentralization cause they know it doesn't really exist. But, just like most boomers, Bitcoin continues to believe in the Indian prince who will send them millions via email if they just send their bank credentials.

Boomercoin.

Lol",WeNeedSomeFuckinHelp,2025-02-15 16:35:46,0,CryptoCurrency
"Daily Crypto Discussion - February 14, 2025 (GMT+0)","**Welcome to the Daily Crypto Discussion thread. Please read the disclaimer and rules before participating.**
 
***
&nbsp;
    
###Disclaimer:

Consider all information posted here with several liberal heaps of salt, and always cross check any information you may read on this thread with known sources. Any trade information posted in this open thread may be highly misleading, and could be an attempt to manipulate new readers by known ""pump and dump (PnD) groups"" for their own profit. BEWARE of such practices and exercise utmost caution before acting on any trade tip mentioned here. 


**Please be careful about what information you share and the actions you take.** Do not share the amounts of your portfolios (why not just share percentage?). Do not share your private keys or wallet seed. Use strong, non-SMS 2FA if possible. Beware of scammers and be smart. Do not invest more than you can afford to lose, and do not fall for pyramid schemes, promises of unrealistic returns (get-rich-quick schemes), and other common scams.
    
***
&nbsp;
    
###Rules:

  - All [sub rules](https://www.reddit.com/r/CryptoCurrency/about/rules/) apply in this thread. The prior exemption for karma and age requirements is no longer in effect. 
  - Discussion topics must be related to cryptocurrency.
  - Behave with civility and politeness. Do not use offensive, racist or homophobic language.
  - Comments will be sorted by newest first.
  
***
&nbsp;

###Useful Links:

  - [**Beginner Resources**](https://www.reddit.com/r/CryptoCurrency/wiki/beginner_resources)

  - [**Intro to r/Cryptocurrency MOONs 🌔**](https://www.reddit.com/r/CryptoCurrency/comments/gj96lb/introducing_rcryptocurrency_moons/)

  - [**MOONs Wiki Page**](https://www.reddit.com/r/CryptoCurrency/wiki/moons_wiki/)

  - [**r/CryptoCurrency Discord**](https://www.reddit.com/r/CryptoCurrency/comments/kth255/join_the_crypto_currency_discord/)

  - [**r/CryptoCurrencyMemes**](https://www.reddit.com/r/cryptocurrencymemes)

  - [**Prior Daily Discussions**](https://www.reddit.com/r/CryptoCurrency/search?q=title%3A%22Daily+Crypto+Discussion+-+%22+&restrict_sr=on&sort=new&t=all) - (Link fixed.)

  - [**r/CryptoCurrencyMeta**](https://www.reddit.com/r/CryptoCurrencyMeta/) - Join in on all meta discussions regarding r/CryptoCurrency whether it be moon distributions or governance.

***
&nbsp;

### Finding Other Discussion Threads

Follow a mod account below to be notified in your home feed when the latest r/CC discussion thread of your interest is posted.

* u/CryptoDaily- — Posts the Daily Crypto Discussion threads. 

* u/CryptoSkeptics — Posts the Monthly Skeptics Discussion threads.
 
* u/CryptoOptimists- — Posts the Monthly Optimists Discussion threads.

* u/CryptoNewsUpdates — Posts the Monthly News Summary threads.",CryptoDaily-,2025-02-14 00:00:44,37,CryptoCurrency
Fan Tokens Surge Following Tether’s Juventus FC Investment,,peleroberts,2025-02-14 18:46:39,0,CryptoCurrency
"Coinbase Eyes India Comeback, Seeks Regulatory Green Light: Source - Decrypt",,CaregiverStandard427,2025-02-14 04:03:36,13,CryptoCurrency
The market will do whatever it will do,,CragBawz,2025-02-13 02:10:03,695,CryptoCurrency
20 US State Bitcoin Reserves could alone drive $23B inflow as more follow,,hiorea,2025-02-13 13:59:11,66,CryptoCurrency
